
--
-- Database backup generated by ExpressionEngine
--

SET @OLD_SQL_MODE=@@SQL_MODE, SQL_MODE='NO_AUTO_VALUE_ON_ZERO';
SET @OLD_TIME_ZONE=@@TIME_ZONE;
SET TIME_ZONE='+00:00';
SET NAMES utf8mb4;
SET @OLD_UNIQUE_CHECKS=@@UNIQUE_CHECKS, UNIQUE_CHECKS=0;
SET @OLD_FOREIGN_KEY_CHECKS=@@FOREIGN_KEY_CHECKS, FOREIGN_KEY_CHECKS=0;
SET @OLD_SQL_NOTES=@@SQL_NOTES, SQL_NOTES=0;

--
-- Drop old tables if exists
--

DROP TABLE IF EXISTS `exp_actions`;
DROP TABLE IF EXISTS `exp_bones_settings`;
DROP TABLE IF EXISTS `exp_captcha`;
DROP TABLE IF EXISTS `exp_cartthrob_seeder_records`;
DROP TABLE IF EXISTS `exp_categories`;
DROP TABLE IF EXISTS `exp_category_field_data`;
DROP TABLE IF EXISTS `exp_category_field_data_field_1`;
DROP TABLE IF EXISTS `exp_category_fields`;
DROP TABLE IF EXISTS `exp_category_groups`;
DROP TABLE IF EXISTS `exp_category_posts`;
DROP TABLE IF EXISTS `exp_channel_data`;
DROP TABLE IF EXISTS `exp_channel_data_field_1`;
DROP TABLE IF EXISTS `exp_channel_data_field_2`;
DROP TABLE IF EXISTS `exp_channel_data_field_3`;
DROP TABLE IF EXISTS `exp_channel_data_field_4`;
DROP TABLE IF EXISTS `exp_channel_data_field_5`;
DROP TABLE IF EXISTS `exp_channel_entries_autosave`;
DROP TABLE IF EXISTS `exp_channel_field_groups_fields`;
DROP TABLE IF EXISTS `exp_channel_fields`;
DROP TABLE IF EXISTS `exp_channel_form_settings`;
DROP TABLE IF EXISTS `exp_channel_member_roles`;
DROP TABLE IF EXISTS `exp_channel_titles`;
DROP TABLE IF EXISTS `exp_channels`;
DROP TABLE IF EXISTS `exp_channels_channel_field_groups`;
DROP TABLE IF EXISTS `exp_channels_channel_fields`;
DROP TABLE IF EXISTS `exp_channels_statuses`;
DROP TABLE IF EXISTS `exp_comment_subscriptions`;
DROP TABLE IF EXISTS `exp_comments`;
DROP TABLE IF EXISTS `exp_config`;
DROP TABLE IF EXISTS `exp_consent_audit_log`;
DROP TABLE IF EXISTS `exp_consent_request_version_cookies`;
DROP TABLE IF EXISTS `exp_consent_request_versions`;
DROP TABLE IF EXISTS `exp_consent_requests`;
DROP TABLE IF EXISTS `exp_consents`;
DROP TABLE IF EXISTS `exp_content_types`;
DROP TABLE IF EXISTS `exp_cookie_settings`;
DROP TABLE IF EXISTS `exp_cp_log`;
DROP TABLE IF EXISTS `exp_dashboard_layout_widgets`;
DROP TABLE IF EXISTS `exp_dashboard_layouts`;
DROP TABLE IF EXISTS `exp_dashboard_widgets`;
DROP TABLE IF EXISTS `exp_developer_log`;
DROP TABLE IF EXISTS `exp_dock_prolets`;
DROP TABLE IF EXISTS `exp_docks`;
DROP TABLE IF EXISTS `exp_email_cache`;
DROP TABLE IF EXISTS `exp_email_cache_mg`;
DROP TABLE IF EXISTS `exp_email_cache_ml`;
DROP TABLE IF EXISTS `exp_email_console_cache`;
DROP TABLE IF EXISTS `exp_entry_manager_views`;
DROP TABLE IF EXISTS `exp_entry_versioning`;
DROP TABLE IF EXISTS `exp_extensions`;
DROP TABLE IF EXISTS `exp_field_groups`;
DROP TABLE IF EXISTS `exp_fieldtypes`;
DROP TABLE IF EXISTS `exp_file_categories`;
DROP TABLE IF EXISTS `exp_file_dimensions`;
DROP TABLE IF EXISTS `exp_file_watermarks`;
DROP TABLE IF EXISTS `exp_files`;
DROP TABLE IF EXISTS `exp_fluid_field_data`;
DROP TABLE IF EXISTS `exp_global_variables`;
DROP TABLE IF EXISTS `exp_grid_columns`;
DROP TABLE IF EXISTS `exp_html_buttons`;
DROP TABLE IF EXISTS `exp_layout_publish`;
DROP TABLE IF EXISTS `exp_layout_publish_member_roles`;
DROP TABLE IF EXISTS `exp_member_bulletin_board`;
DROP TABLE IF EXISTS `exp_member_data`;
DROP TABLE IF EXISTS `exp_member_fields`;
DROP TABLE IF EXISTS `exp_member_news_views`;
DROP TABLE IF EXISTS `exp_member_search`;
DROP TABLE IF EXISTS `exp_members`;
DROP TABLE IF EXISTS `exp_members_role_groups`;
DROP TABLE IF EXISTS `exp_members_roles`;
DROP TABLE IF EXISTS `exp_menu_items`;
DROP TABLE IF EXISTS `exp_menu_sets`;
DROP TABLE IF EXISTS `exp_message_attachments`;
DROP TABLE IF EXISTS `exp_message_copies`;
DROP TABLE IF EXISTS `exp_message_data`;
DROP TABLE IF EXISTS `exp_message_folders`;
DROP TABLE IF EXISTS `exp_message_listed`;
DROP TABLE IF EXISTS `exp_migrations`;
DROP TABLE IF EXISTS `exp_module_member_roles`;
DROP TABLE IF EXISTS `exp_modules`;
DROP TABLE IF EXISTS `exp_online_users`;
DROP TABLE IF EXISTS `exp_password_lockout`;
DROP TABLE IF EXISTS `exp_permissions`;
DROP TABLE IF EXISTS `exp_plugins`;
DROP TABLE IF EXISTS `exp_prolets`;
DROP TABLE IF EXISTS `exp_relationships`;
DROP TABLE IF EXISTS `exp_remember_me`;
DROP TABLE IF EXISTS `exp_reset_password`;
DROP TABLE IF EXISTS `exp_revision_tracker`;
DROP TABLE IF EXISTS `exp_role_groups`;
DROP TABLE IF EXISTS `exp_role_settings`;
DROP TABLE IF EXISTS `exp_roles`;
DROP TABLE IF EXISTS `exp_roles_role_groups`;
DROP TABLE IF EXISTS `exp_rte_toolsets`;
DROP TABLE IF EXISTS `exp_search`;
DROP TABLE IF EXISTS `exp_search_log`;
DROP TABLE IF EXISTS `exp_security_hashes`;
DROP TABLE IF EXISTS `exp_sessions`;
DROP TABLE IF EXISTS `exp_sites`;
DROP TABLE IF EXISTS `exp_snippets`;
DROP TABLE IF EXISTS `exp_specialty_templates`;
DROP TABLE IF EXISTS `exp_stats`;
DROP TABLE IF EXISTS `exp_statuses`;
DROP TABLE IF EXISTS `exp_statuses_roles`;
DROP TABLE IF EXISTS `exp_template_groups`;
DROP TABLE IF EXISTS `exp_template_groups_roles`;
DROP TABLE IF EXISTS `exp_template_routes`;
DROP TABLE IF EXISTS `exp_templates`;
DROP TABLE IF EXISTS `exp_templates_roles`;
DROP TABLE IF EXISTS `exp_throttle`;
DROP TABLE IF EXISTS `exp_update_log`;
DROP TABLE IF EXISTS `exp_upload_prefs`;
DROP TABLE IF EXISTS `exp_upload_prefs_roles`;

--
-- Create tables and their structure
--

CREATE TABLE `exp_actions` (
  `action_id` int(4) unsigned NOT NULL AUTO_INCREMENT,
  `class` varchar(50) COLLATE utf8mb4_unicode_ci NOT NULL,
  `method` varchar(50) COLLATE utf8mb4_unicode_ci NOT NULL,
  `csrf_exempt` tinyint(1) unsigned NOT NULL DEFAULT 0,
  PRIMARY KEY (`action_id`)
) ENGINE=InnoDB AUTO_INCREMENT=43 DEFAULT CHARSET=utf8mb4 COLLATE=utf8mb4_unicode_ci;

CREATE TABLE `exp_bones_settings` (
  `setting_id` int(6) unsigned NOT NULL AUTO_INCREMENT,
  `site_id` int(6) unsigned DEFAULT NULL,
  `key` varchar(100) COLLATE utf8mb4_unicode_ci DEFAULT NULL,
  `value` text COLLATE utf8mb4_unicode_ci DEFAULT NULL,
  PRIMARY KEY (`setting_id`)
) ENGINE=InnoDB AUTO_INCREMENT=4 DEFAULT CHARSET=utf8mb4 COLLATE=utf8mb4_unicode_ci;

CREATE TABLE `exp_captcha` (
  `captcha_id` bigint(13) unsigned NOT NULL AUTO_INCREMENT,
  `date` int(10) unsigned NOT NULL,
  `ip_address` varchar(45) COLLATE utf8mb4_unicode_ci NOT NULL DEFAULT '0',
  `word` varchar(20) COLLATE utf8mb4_unicode_ci NOT NULL,
  PRIMARY KEY (`captcha_id`),
  KEY `word` (`word`)
) ENGINE=InnoDB DEFAULT CHARSET=utf8mb4 COLLATE=utf8mb4_unicode_ci;

CREATE TABLE `exp_cartthrob_seeder_records` (
  `id` int(10) unsigned NOT NULL AUTO_INCREMENT,
  `item_id` int(10) DEFAULT 0,
  `item_type` varchar(128) COLLATE utf8mb4_unicode_ci NOT NULL,
  `created_date` int(11) DEFAULT 0,
  PRIMARY KEY (`id`)
) ENGINE=InnoDB DEFAULT CHARSET=utf8mb4 COLLATE=utf8mb4_unicode_ci;

CREATE TABLE `exp_categories` (
  `cat_id` int(10) unsigned NOT NULL AUTO_INCREMENT,
  `site_id` int(4) unsigned NOT NULL DEFAULT 1,
  `group_id` int(6) unsigned NOT NULL,
  `parent_id` int(4) unsigned NOT NULL,
  `cat_name` varchar(100) COLLATE utf8mb4_unicode_ci NOT NULL,
  `cat_url_title` varchar(75) COLLATE utf8mb4_unicode_ci NOT NULL,
  `cat_description` text COLLATE utf8mb4_unicode_ci DEFAULT NULL,
  `cat_image` varchar(120) COLLATE utf8mb4_unicode_ci DEFAULT NULL,
  `cat_order` int(4) unsigned NOT NULL,
  PRIMARY KEY (`cat_id`),
  KEY `group_id` (`group_id`),
  KEY `parent_id` (`parent_id`),
  KEY `cat_name` (`cat_name`),
  KEY `site_id` (`site_id`)
) ENGINE=InnoDB AUTO_INCREMENT=29 DEFAULT CHARSET=utf8mb4 COLLATE=utf8mb4_unicode_ci;

CREATE TABLE `exp_category_field_data` (
  `cat_id` int(4) unsigned NOT NULL,
  `site_id` int(4) unsigned NOT NULL DEFAULT 1,
  `group_id` int(4) unsigned NOT NULL,
  PRIMARY KEY (`cat_id`),
  KEY `site_id` (`site_id`),
  KEY `group_id` (`group_id`)
) ENGINE=InnoDB DEFAULT CHARSET=utf8mb4 COLLATE=utf8mb4_unicode_ci;

CREATE TABLE `exp_category_field_data_field_1` (
  `id` int(10) unsigned NOT NULL AUTO_INCREMENT,
  `cat_id` int(10) unsigned NOT NULL,
  `field_id_1` text COLLATE utf8mb4_unicode_ci DEFAULT NULL,
  `field_ft_1` tinytext COLLATE utf8mb4_unicode_ci DEFAULT NULL,
  PRIMARY KEY (`id`),
  KEY `cat_id` (`cat_id`)
) ENGINE=InnoDB AUTO_INCREMENT=9 DEFAULT CHARSET=utf8mb4 COLLATE=utf8mb4_unicode_ci;

CREATE TABLE `exp_category_fields` (
  `field_id` int(6) unsigned NOT NULL AUTO_INCREMENT,
  `site_id` int(4) unsigned NOT NULL DEFAULT 1,
  `group_id` int(4) unsigned NOT NULL,
  `field_name` varchar(32) COLLATE utf8mb4_unicode_ci NOT NULL DEFAULT '',
  `field_label` varchar(50) COLLATE utf8mb4_unicode_ci NOT NULL DEFAULT '',
  `field_type` varchar(12) COLLATE utf8mb4_unicode_ci NOT NULL DEFAULT 'text',
  `field_list_items` text COLLATE utf8mb4_unicode_ci NOT NULL,
  `field_maxl` smallint(3) NOT NULL DEFAULT 128,
  `field_ta_rows` tinyint(2) NOT NULL DEFAULT 8,
  `field_default_fmt` varchar(40) COLLATE utf8mb4_unicode_ci NOT NULL DEFAULT 'none',
  `field_show_fmt` char(1) COLLATE utf8mb4_unicode_ci NOT NULL DEFAULT 'y',
  `field_text_direction` char(3) COLLATE utf8mb4_unicode_ci NOT NULL DEFAULT 'ltr',
  `field_required` char(1) COLLATE utf8mb4_unicode_ci NOT NULL DEFAULT 'n',
  `field_order` int(3) unsigned NOT NULL,
  `field_settings` text COLLATE utf8mb4_unicode_ci DEFAULT NULL,
  `legacy_field_data` char(1) COLLATE utf8mb4_unicode_ci NOT NULL DEFAULT 'n',
  PRIMARY KEY (`field_id`),
  KEY `site_id` (`site_id`),
  KEY `group_id` (`group_id`)
) ENGINE=InnoDB AUTO_INCREMENT=2 DEFAULT CHARSET=utf8mb4 COLLATE=utf8mb4_unicode_ci;

CREATE TABLE `exp_category_groups` (
  `group_id` int(6) unsigned NOT NULL AUTO_INCREMENT,
  `site_id` int(4) unsigned NOT NULL DEFAULT 1,
  `group_name` varchar(50) COLLATE utf8mb4_unicode_ci NOT NULL,
  `sort_order` char(1) COLLATE utf8mb4_unicode_ci NOT NULL DEFAULT 'a',
  `exclude_group` tinyint(1) unsigned NOT NULL DEFAULT 0,
  `field_html_formatting` char(4) COLLATE utf8mb4_unicode_ci NOT NULL DEFAULT 'all',
  `can_edit_categories` text COLLATE utf8mb4_unicode_ci DEFAULT NULL,
  `can_delete_categories` text COLLATE utf8mb4_unicode_ci DEFAULT NULL,
  PRIMARY KEY (`group_id`),
  KEY `site_id` (`site_id`)
) ENGINE=InnoDB AUTO_INCREMENT=5 DEFAULT CHARSET=utf8mb4 COLLATE=utf8mb4_unicode_ci;

CREATE TABLE `exp_category_posts` (
  `entry_id` int(10) unsigned NOT NULL,
  `cat_id` int(10) unsigned NOT NULL,
  PRIMARY KEY (`entry_id`,`cat_id`)
) ENGINE=InnoDB DEFAULT CHARSET=utf8mb4 COLLATE=utf8mb4_unicode_ci;

CREATE TABLE `exp_channel_data` (
  `entry_id` int(10) unsigned NOT NULL,
  `site_id` int(4) unsigned NOT NULL DEFAULT 1,
  `channel_id` int(4) unsigned NOT NULL,
  PRIMARY KEY (`entry_id`),
  KEY `channel_id` (`channel_id`),
  KEY `site_id` (`site_id`)
) ENGINE=InnoDB DEFAULT CHARSET=utf8mb4 COLLATE=utf8mb4_unicode_ci;

CREATE TABLE `exp_channel_data_field_1` (
  `id` int(10) unsigned NOT NULL AUTO_INCREMENT,
  `entry_id` int(10) unsigned NOT NULL,
  `field_id_1` text COLLATE utf8mb4_unicode_ci DEFAULT NULL,
  `field_ft_1` tinytext COLLATE utf8mb4_unicode_ci DEFAULT NULL,
  PRIMARY KEY (`id`),
  KEY `entry_id` (`entry_id`)
) ENGINE=InnoDB AUTO_INCREMENT=5 DEFAULT CHARSET=utf8mb4 COLLATE=utf8mb4_unicode_ci;

CREATE TABLE `exp_channel_data_field_2` (
  `id` int(10) unsigned NOT NULL AUTO_INCREMENT,
  `entry_id` int(10) unsigned NOT NULL,
  `field_id_2` decimal(10,4) DEFAULT 0.0000,
  `field_ft_2` tinytext COLLATE utf8mb4_unicode_ci DEFAULT NULL,
  PRIMARY KEY (`id`),
  KEY `entry_id` (`entry_id`)
) ENGINE=InnoDB AUTO_INCREMENT=5 DEFAULT CHARSET=utf8mb4 COLLATE=utf8mb4_unicode_ci;

CREATE TABLE `exp_channel_data_field_3` (
  `id` int(10) unsigned NOT NULL AUTO_INCREMENT,
  `entry_id` int(10) unsigned NOT NULL,
  `field_id_3` text COLLATE utf8mb4_unicode_ci DEFAULT NULL,
  `field_ft_3` tinytext COLLATE utf8mb4_unicode_ci DEFAULT NULL,
  PRIMARY KEY (`id`),
  KEY `entry_id` (`entry_id`)
) ENGINE=InnoDB AUTO_INCREMENT=5 DEFAULT CHARSET=utf8mb4 COLLATE=utf8mb4_unicode_ci;

CREATE TABLE `exp_channel_data_field_4` (
  `id` int(10) unsigned NOT NULL AUTO_INCREMENT,
  `entry_id` int(10) unsigned NOT NULL,
  `field_id_4` float DEFAULT 0,
  `field_ft_4` tinytext COLLATE utf8mb4_unicode_ci DEFAULT NULL,
  PRIMARY KEY (`id`),
  KEY `entry_id` (`entry_id`)
) ENGINE=InnoDB AUTO_INCREMENT=5 DEFAULT CHARSET=utf8mb4 COLLATE=utf8mb4_unicode_ci;

CREATE TABLE `exp_channel_data_field_5` (
  `id` int(10) unsigned NOT NULL AUTO_INCREMENT,
  `entry_id` int(10) unsigned NOT NULL,
  `field_id_5` varchar(8) COLLATE utf8mb4_unicode_ci DEFAULT NULL,
  `field_ft_5` tinytext COLLATE utf8mb4_unicode_ci DEFAULT NULL,
  PRIMARY KEY (`id`),
  KEY `entry_id` (`entry_id`)
) ENGINE=InnoDB AUTO_INCREMENT=5 DEFAULT CHARSET=utf8mb4 COLLATE=utf8mb4_unicode_ci;

CREATE TABLE `exp_channel_entries_autosave` (
  `entry_id` int(10) unsigned NOT NULL AUTO_INCREMENT,
  `original_entry_id` int(10) unsigned NOT NULL,
  `site_id` int(4) unsigned NOT NULL DEFAULT 1,
  `channel_id` int(4) unsigned NOT NULL,
  `author_id` int(10) unsigned NOT NULL DEFAULT 0,
  `forum_topic_id` int(10) unsigned DEFAULT NULL,
  `ip_address` varchar(45) COLLATE utf8mb4_unicode_ci NOT NULL DEFAULT '0',
  `title` varchar(100) COLLATE utf8mb4_unicode_ci NOT NULL,
  `url_title` varchar(200) COLLATE utf8mb4_unicode_ci NOT NULL,
  `status` varchar(50) COLLATE utf8mb4_unicode_ci NOT NULL,
  `versioning_enabled` char(1) COLLATE utf8mb4_unicode_ci NOT NULL DEFAULT 'n',
  `view_count_one` int(10) unsigned NOT NULL DEFAULT 0,
  `view_count_two` int(10) unsigned NOT NULL DEFAULT 0,
  `view_count_three` int(10) unsigned NOT NULL DEFAULT 0,
  `view_count_four` int(10) unsigned NOT NULL DEFAULT 0,
  `allow_comments` varchar(1) COLLATE utf8mb4_unicode_ci NOT NULL DEFAULT 'y',
  `sticky` varchar(1) COLLATE utf8mb4_unicode_ci NOT NULL DEFAULT 'n',
  `entry_date` int(10) NOT NULL,
  `year` char(4) COLLATE utf8mb4_unicode_ci NOT NULL,
  `month` char(2) COLLATE utf8mb4_unicode_ci NOT NULL,
  `day` char(3) COLLATE utf8mb4_unicode_ci NOT NULL,
  `expiration_date` int(10) NOT NULL DEFAULT 0,
  `comment_expiration_date` int(10) NOT NULL DEFAULT 0,
  `edit_date` bigint(14) DEFAULT NULL,
  `recent_comment_date` int(10) DEFAULT NULL,
  `comment_total` int(4) unsigned NOT NULL DEFAULT 0,
  `entry_data` text COLLATE utf8mb4_unicode_ci DEFAULT NULL,
  PRIMARY KEY (`entry_id`),
  KEY `channel_id` (`channel_id`),
  KEY `author_id` (`author_id`),
  KEY `url_title` (`url_title`(191)),
  KEY `status` (`status`),
  KEY `entry_date` (`entry_date`),
  KEY `expiration_date` (`expiration_date`),
  KEY `site_id` (`site_id`)
) ENGINE=InnoDB AUTO_INCREMENT=4 DEFAULT CHARSET=utf8mb4 COLLATE=utf8mb4_unicode_ci;

CREATE TABLE `exp_channel_field_groups_fields` (
  `field_id` int(6) unsigned NOT NULL,
  `group_id` int(4) unsigned NOT NULL,
  PRIMARY KEY (`field_id`,`group_id`)
) ENGINE=InnoDB DEFAULT CHARSET=utf8mb4 COLLATE=utf8mb4_unicode_ci;

CREATE TABLE `exp_channel_fields` (
  `field_id` int(6) unsigned NOT NULL AUTO_INCREMENT,
  `site_id` int(4) unsigned DEFAULT 1,
  `field_name` varchar(32) COLLATE utf8mb4_unicode_ci NOT NULL,
  `field_label` varchar(50) COLLATE utf8mb4_unicode_ci NOT NULL,
  `field_instructions` text COLLATE utf8mb4_unicode_ci DEFAULT NULL,
  `field_type` varchar(50) COLLATE utf8mb4_unicode_ci NOT NULL DEFAULT 'text',
  `field_list_items` text COLLATE utf8mb4_unicode_ci NOT NULL,
  `field_pre_populate` char(1) COLLATE utf8mb4_unicode_ci NOT NULL DEFAULT 'n',
  `field_pre_channel_id` int(6) unsigned DEFAULT NULL,
  `field_pre_field_id` int(6) unsigned DEFAULT NULL,
  `field_ta_rows` tinyint(2) DEFAULT 8,
  `field_maxl` smallint(3) DEFAULT NULL,
  `field_required` char(1) COLLATE utf8mb4_unicode_ci NOT NULL DEFAULT 'n',
  `field_text_direction` char(3) COLLATE utf8mb4_unicode_ci NOT NULL DEFAULT 'ltr',
  `field_search` char(1) COLLATE utf8mb4_unicode_ci NOT NULL DEFAULT 'n',
  `field_is_hidden` char(1) COLLATE utf8mb4_unicode_ci NOT NULL DEFAULT 'n',
  `field_fmt` varchar(40) COLLATE utf8mb4_unicode_ci NOT NULL DEFAULT 'xhtml',
  `field_show_fmt` char(1) COLLATE utf8mb4_unicode_ci NOT NULL DEFAULT 'y',
  `field_order` int(3) unsigned NOT NULL,
  `field_content_type` varchar(20) COLLATE utf8mb4_unicode_ci NOT NULL DEFAULT 'any',
  `field_settings` text COLLATE utf8mb4_unicode_ci DEFAULT NULL,
  `legacy_field_data` char(1) COLLATE utf8mb4_unicode_ci NOT NULL DEFAULT 'n',
  `enable_frontedit` char(1) COLLATE utf8mb4_unicode_ci NOT NULL DEFAULT 'y',
  PRIMARY KEY (`field_id`),
  KEY `field_type` (`field_type`),
  KEY `site_id` (`site_id`)
) ENGINE=InnoDB AUTO_INCREMENT=6 DEFAULT CHARSET=utf8mb4 COLLATE=utf8mb4_unicode_ci;

CREATE TABLE `exp_channel_form_settings` (
  `channel_form_settings_id` int(10) unsigned NOT NULL AUTO_INCREMENT,
  `site_id` int(4) unsigned NOT NULL DEFAULT 0,
  `channel_id` int(6) unsigned NOT NULL DEFAULT 0,
  `default_status` varchar(50) COLLATE utf8mb4_unicode_ci NOT NULL DEFAULT 'open',
  `allow_guest_posts` char(1) COLLATE utf8mb4_unicode_ci NOT NULL DEFAULT 'n',
  `default_author` int(11) NOT NULL DEFAULT 0,
  PRIMARY KEY (`channel_form_settings_id`),
  KEY `site_id` (`site_id`),
  KEY `channel_id` (`channel_id`)
) ENGINE=InnoDB AUTO_INCREMENT=3 DEFAULT CHARSET=utf8mb4 COLLATE=utf8mb4_unicode_ci;

CREATE TABLE `exp_channel_member_roles` (
  `role_id` int(10) unsigned NOT NULL,
  `channel_id` int(6) unsigned NOT NULL,
  PRIMARY KEY (`role_id`,`channel_id`)
) ENGINE=InnoDB DEFAULT CHARSET=utf8mb4 COLLATE=utf8mb4_unicode_ci;

CREATE TABLE `exp_channel_titles` (
  `entry_id` int(10) unsigned NOT NULL AUTO_INCREMENT,
  `site_id` int(4) unsigned NOT NULL DEFAULT 1,
  `channel_id` int(4) unsigned NOT NULL,
  `author_id` int(10) unsigned NOT NULL DEFAULT 0,
  `forum_topic_id` int(10) unsigned DEFAULT NULL,
  `ip_address` varchar(45) COLLATE utf8mb4_unicode_ci NOT NULL DEFAULT '0',
  `title` varchar(200) COLLATE utf8mb4_unicode_ci NOT NULL,
  `url_title` varchar(200) COLLATE utf8mb4_unicode_ci NOT NULL,
  `status` varchar(50) COLLATE utf8mb4_unicode_ci NOT NULL,
  `status_id` int(4) unsigned NOT NULL,
  `versioning_enabled` char(1) COLLATE utf8mb4_unicode_ci NOT NULL DEFAULT 'n',
  `view_count_one` int(10) unsigned NOT NULL DEFAULT 0,
  `view_count_two` int(10) unsigned NOT NULL DEFAULT 0,
  `view_count_three` int(10) unsigned NOT NULL DEFAULT 0,
  `view_count_four` int(10) unsigned NOT NULL DEFAULT 0,
  `allow_comments` varchar(1) COLLATE utf8mb4_unicode_ci NOT NULL DEFAULT 'y',
  `sticky` varchar(1) COLLATE utf8mb4_unicode_ci NOT NULL DEFAULT 'n',
  `entry_date` int(10) NOT NULL,
  `year` char(4) COLLATE utf8mb4_unicode_ci NOT NULL,
  `month` char(2) COLLATE utf8mb4_unicode_ci NOT NULL,
  `day` char(3) COLLATE utf8mb4_unicode_ci NOT NULL,
  `expiration_date` int(10) NOT NULL DEFAULT 0,
  `comment_expiration_date` int(10) NOT NULL DEFAULT 0,
  `edit_date` bigint(14) DEFAULT NULL,
  `recent_comment_date` int(10) DEFAULT NULL,
  `comment_total` int(4) unsigned NOT NULL DEFAULT 0,
  PRIMARY KEY (`entry_id`),
  KEY `channel_id` (`channel_id`),
  KEY `author_id` (`author_id`),
  KEY `url_title` (`url_title`(191)),
  KEY `status` (`status`),
  KEY `entry_date` (`entry_date`),
  KEY `expiration_date` (`expiration_date`),
  KEY `site_id` (`site_id`),
  KEY `sticky_date_id_idx` (`sticky`,`entry_date`,`entry_id`)
) ENGINE=InnoDB AUTO_INCREMENT=5 DEFAULT CHARSET=utf8mb4 COLLATE=utf8mb4_unicode_ci;

CREATE TABLE `exp_channels` (
  `channel_id` int(6) unsigned NOT NULL AUTO_INCREMENT,
  `site_id` int(4) unsigned NOT NULL DEFAULT 1,
  `channel_name` varchar(40) COLLATE utf8mb4_unicode_ci NOT NULL,
  `channel_title` varchar(100) COLLATE utf8mb4_unicode_ci NOT NULL,
  `channel_url` varchar(100) COLLATE utf8mb4_unicode_ci NOT NULL,
  `channel_description` varchar(255) COLLATE utf8mb4_unicode_ci DEFAULT NULL,
  `channel_lang` varchar(12) COLLATE utf8mb4_unicode_ci NOT NULL,
  `total_entries` mediumint(8) NOT NULL DEFAULT 0,
  `total_records` mediumint(8) unsigned NOT NULL DEFAULT 0,
  `total_comments` mediumint(8) NOT NULL DEFAULT 0,
  `last_entry_date` int(10) unsigned NOT NULL DEFAULT 0,
  `last_comment_date` int(10) unsigned NOT NULL DEFAULT 0,
  `cat_group` varchar(255) COLLATE utf8mb4_unicode_ci DEFAULT NULL,
  `deft_status` varchar(50) COLLATE utf8mb4_unicode_ci NOT NULL DEFAULT 'open',
  `search_excerpt` int(4) unsigned DEFAULT NULL,
  `deft_category` varchar(60) COLLATE utf8mb4_unicode_ci DEFAULT NULL,
  `deft_comments` char(1) COLLATE utf8mb4_unicode_ci NOT NULL DEFAULT 'y',
  `channel_require_membership` char(1) COLLATE utf8mb4_unicode_ci NOT NULL DEFAULT 'y',
  `channel_max_chars` int(5) unsigned DEFAULT NULL,
  `channel_html_formatting` char(4) COLLATE utf8mb4_unicode_ci NOT NULL DEFAULT 'all',
  `channel_allow_img_urls` char(1) COLLATE utf8mb4_unicode_ci NOT NULL DEFAULT 'y',
  `channel_auto_link_urls` char(1) COLLATE utf8mb4_unicode_ci NOT NULL DEFAULT 'n',
  `channel_notify` char(1) COLLATE utf8mb4_unicode_ci NOT NULL DEFAULT 'n',
  `channel_notify_emails` varchar(255) COLLATE utf8mb4_unicode_ci DEFAULT NULL,
  `sticky_enabled` char(1) COLLATE utf8mb4_unicode_ci NOT NULL DEFAULT 'n',
  `enable_entry_cloning` char(1) COLLATE utf8mb4_unicode_ci NOT NULL DEFAULT 'y',
  `comment_url` varchar(80) COLLATE utf8mb4_unicode_ci DEFAULT NULL,
  `comment_system_enabled` char(1) COLLATE utf8mb4_unicode_ci NOT NULL DEFAULT 'y',
  `comment_require_membership` char(1) COLLATE utf8mb4_unicode_ci NOT NULL DEFAULT 'n',
  `comment_moderate` char(1) COLLATE utf8mb4_unicode_ci NOT NULL DEFAULT 'n',
  `comment_max_chars` int(5) unsigned DEFAULT 5000,
  `comment_timelock` int(5) unsigned NOT NULL DEFAULT 0,
  `comment_require_email` char(1) COLLATE utf8mb4_unicode_ci NOT NULL DEFAULT 'y',
  `comment_text_formatting` char(40) COLLATE utf8mb4_unicode_ci NOT NULL DEFAULT 'xhtml',
  `comment_html_formatting` char(4) COLLATE utf8mb4_unicode_ci NOT NULL DEFAULT 'safe',
  `comment_allow_img_urls` char(1) COLLATE utf8mb4_unicode_ci NOT NULL DEFAULT 'n',
  `comment_auto_link_urls` char(1) COLLATE utf8mb4_unicode_ci NOT NULL DEFAULT 'y',
  `comment_notify` char(1) COLLATE utf8mb4_unicode_ci NOT NULL DEFAULT 'n',
  `comment_notify_authors` char(1) COLLATE utf8mb4_unicode_ci NOT NULL DEFAULT 'n',
  `comment_notify_emails` varchar(255) COLLATE utf8mb4_unicode_ci DEFAULT NULL,
  `comment_expiration` int(4) unsigned NOT NULL DEFAULT 0,
  `search_results_url` varchar(80) COLLATE utf8mb4_unicode_ci DEFAULT NULL,
  `rss_url` varchar(80) COLLATE utf8mb4_unicode_ci DEFAULT NULL,
  `enable_versioning` char(1) COLLATE utf8mb4_unicode_ci NOT NULL DEFAULT 'n',
  `max_revisions` smallint(4) unsigned NOT NULL DEFAULT 10,
  `default_entry_title` varchar(100) COLLATE utf8mb4_unicode_ci DEFAULT NULL,
  `title_field_label` varchar(100) COLLATE utf8mb4_unicode_ci NOT NULL DEFAULT 'Title',
  `url_title_prefix` varchar(80) COLLATE utf8mb4_unicode_ci DEFAULT NULL,
  `preview_url` varchar(100) COLLATE utf8mb4_unicode_ci DEFAULT NULL,
  `allow_preview` char(1) COLLATE utf8mb4_unicode_ci NOT NULL DEFAULT 'y',
  `max_entries` int(10) unsigned NOT NULL DEFAULT 0,
  PRIMARY KEY (`channel_id`),
  KEY `cat_group` (`cat_group`(191)),
  KEY `channel_name` (`channel_name`),
  KEY `site_id` (`site_id`)
) ENGINE=InnoDB AUTO_INCREMENT=3 DEFAULT CHARSET=utf8mb4 COLLATE=utf8mb4_unicode_ci;

CREATE TABLE `exp_channels_channel_field_groups` (
  `channel_id` int(4) unsigned NOT NULL,
  `group_id` int(4) unsigned NOT NULL,
  PRIMARY KEY (`channel_id`,`group_id`)
) ENGINE=InnoDB DEFAULT CHARSET=utf8mb4 COLLATE=utf8mb4_unicode_ci;

CREATE TABLE `exp_channels_channel_fields` (
  `channel_id` int(4) unsigned NOT NULL,
  `field_id` int(6) unsigned NOT NULL,
  PRIMARY KEY (`channel_id`,`field_id`)
) ENGINE=InnoDB DEFAULT CHARSET=utf8mb4 COLLATE=utf8mb4_unicode_ci;

CREATE TABLE `exp_channels_statuses` (
  `channel_id` int(4) unsigned NOT NULL,
  `status_id` int(4) unsigned NOT NULL,
  PRIMARY KEY (`channel_id`,`status_id`)
) ENGINE=InnoDB DEFAULT CHARSET=utf8mb4 COLLATE=utf8mb4_unicode_ci;

CREATE TABLE `exp_comment_subscriptions` (
  `subscription_id` int(10) unsigned NOT NULL AUTO_INCREMENT,
  `entry_id` int(10) unsigned DEFAULT NULL,
  `member_id` int(10) DEFAULT 0,
  `email` varchar(75) COLLATE utf8mb4_unicode_ci DEFAULT NULL,
  `subscription_date` varchar(10) COLLATE utf8mb4_unicode_ci DEFAULT NULL,
  `notification_sent` char(1) COLLATE utf8mb4_unicode_ci DEFAULT 'n',
  `hash` varchar(15) COLLATE utf8mb4_unicode_ci DEFAULT NULL,
  PRIMARY KEY (`subscription_id`),
  KEY `entry_id_member_id` (`entry_id`,`member_id`)
) ENGINE=InnoDB DEFAULT CHARSET=utf8mb4 COLLATE=utf8mb4_unicode_ci;

CREATE TABLE `exp_comments` (
  `comment_id` int(10) unsigned NOT NULL AUTO_INCREMENT,
  `site_id` int(4) DEFAULT 1,
  `entry_id` int(10) unsigned DEFAULT 0,
  `channel_id` int(4) unsigned DEFAULT 1,
  `author_id` int(10) unsigned DEFAULT 0,
  `status` char(1) COLLATE utf8mb4_unicode_ci DEFAULT '0',
  `name` varchar(50) COLLATE utf8mb4_unicode_ci DEFAULT NULL,
  `email` varchar(75) COLLATE utf8mb4_unicode_ci DEFAULT NULL,
  `url` varchar(75) COLLATE utf8mb4_unicode_ci DEFAULT NULL,
  `location` varchar(50) COLLATE utf8mb4_unicode_ci DEFAULT NULL,
  `ip_address` varchar(45) COLLATE utf8mb4_unicode_ci DEFAULT NULL,
  `comment_date` int(10) DEFAULT NULL,
  `edit_date` int(10) DEFAULT NULL,
  `comment` text COLLATE utf8mb4_unicode_ci DEFAULT NULL,
  PRIMARY KEY (`comment_id`),
  KEY `entry_id_channel_id_author_id_status_site_id` (`entry_id`,`channel_id`,`author_id`,`status`,`site_id`)
) ENGINE=InnoDB DEFAULT CHARSET=utf8mb4 COLLATE=utf8mb4_unicode_ci;

CREATE TABLE `exp_config` (
  `config_id` int(10) unsigned NOT NULL AUTO_INCREMENT,
  `site_id` int(5) unsigned NOT NULL DEFAULT 0,
  `key` varchar(64) NOT NULL DEFAULT '',
  `value` text DEFAULT NULL,
  PRIMARY KEY (`config_id`),
  KEY `site_key` (`site_id`,`key`)
) ENGINE=InnoDB AUTO_INCREMENT=157 DEFAULT CHARSET=utf8mb4;

CREATE TABLE `exp_consent_audit_log` (
  `consent_audit_id` int(10) unsigned NOT NULL AUTO_INCREMENT,
  `consent_request_id` int(10) unsigned NOT NULL,
  `consent_request_version_id` int(10) unsigned DEFAULT NULL,
  `member_id` int(10) unsigned NOT NULL,
  `ip_address` varchar(45) COLLATE utf8mb4_unicode_ci NOT NULL DEFAULT '0',
  `user_agent` varchar(120) COLLATE utf8mb4_unicode_ci NOT NULL,
  `action` text COLLATE utf8mb4_unicode_ci NOT NULL,
  `log_date` int(10) NOT NULL DEFAULT 0,
  PRIMARY KEY (`consent_audit_id`),
  KEY `consent_request_id` (`consent_request_id`),
  KEY `consent_request_version_id` (`consent_request_version_id`)
) ENGINE=InnoDB DEFAULT CHARSET=utf8mb4 COLLATE=utf8mb4_unicode_ci;

CREATE TABLE `exp_consent_request_version_cookies` (
  `consent_request_version_id` int(10) unsigned NOT NULL,
  `cookie_id` int(10) unsigned NOT NULL,
  KEY `consent_request_version_cookies` (`consent_request_version_id`,`cookie_id`)
) ENGINE=InnoDB DEFAULT CHARSET=utf8mb4 COLLATE=utf8mb4_unicode_ci;

CREATE TABLE `exp_consent_request_versions` (
  `consent_request_version_id` int(10) unsigned NOT NULL AUTO_INCREMENT,
  `consent_request_id` int(10) unsigned NOT NULL,
  `request` mediumtext COLLATE utf8mb4_unicode_ci DEFAULT NULL,
  `request_format` varchar(255) COLLATE utf8mb4_unicode_ci NOT NULL DEFAULT '',
  `create_date` int(10) NOT NULL DEFAULT 0,
  `author_id` int(10) unsigned NOT NULL DEFAULT 0,
  PRIMARY KEY (`consent_request_version_id`),
  KEY `consent_request_id` (`consent_request_id`)
) ENGINE=InnoDB AUTO_INCREMENT=4 DEFAULT CHARSET=utf8mb4 COLLATE=utf8mb4_unicode_ci;

CREATE TABLE `exp_consent_requests` (
  `consent_request_id` int(10) unsigned NOT NULL AUTO_INCREMENT,
  `consent_request_version_id` int(10) unsigned DEFAULT NULL,
  `user_created` char(1) COLLATE utf8mb4_unicode_ci NOT NULL DEFAULT 'n',
  `title` varchar(200) COLLATE utf8mb4_unicode_ci NOT NULL,
  `consent_name` varchar(50) COLLATE utf8mb4_unicode_ci NOT NULL,
  `double_opt_in` char(1) COLLATE utf8mb4_unicode_ci NOT NULL DEFAULT 'n',
  `retention_period` varchar(32) COLLATE utf8mb4_unicode_ci DEFAULT NULL,
  PRIMARY KEY (`consent_request_id`)
) ENGINE=InnoDB AUTO_INCREMENT=4 DEFAULT CHARSET=utf8mb4 COLLATE=utf8mb4_unicode_ci;

CREATE TABLE `exp_consents` (
  `consent_id` int(10) unsigned NOT NULL AUTO_INCREMENT,
  `consent_request_id` int(10) unsigned NOT NULL,
  `consent_request_version_id` int(10) unsigned NOT NULL,
  `member_id` int(10) unsigned NOT NULL,
  `request_copy` mediumtext COLLATE utf8mb4_unicode_ci DEFAULT NULL,
  `request_format` varchar(255) COLLATE utf8mb4_unicode_ci NOT NULL DEFAULT '',
  `consent_given` char(1) COLLATE utf8mb4_unicode_ci NOT NULL DEFAULT 'n',
  `consent_given_via` varchar(32) COLLATE utf8mb4_unicode_ci DEFAULT NULL,
  `expiration_date` int(10) DEFAULT NULL,
  `response_date` int(10) DEFAULT NULL,
  PRIMARY KEY (`consent_id`),
  KEY `consent_request_version_id` (`consent_request_version_id`),
  KEY `member_id` (`member_id`)
) ENGINE=InnoDB DEFAULT CHARSET=utf8mb4 COLLATE=utf8mb4_unicode_ci;

CREATE TABLE `exp_content_types` (
  `content_type_id` int(10) unsigned NOT NULL AUTO_INCREMENT,
  `name` varchar(50) COLLATE utf8mb4_unicode_ci NOT NULL DEFAULT '',
  PRIMARY KEY (`content_type_id`),
  KEY `name` (`name`)
) ENGINE=InnoDB AUTO_INCREMENT=3 DEFAULT CHARSET=utf8mb4 COLLATE=utf8mb4_unicode_ci;

CREATE TABLE `exp_cookie_settings` (
  `cookie_id` int(10) unsigned NOT NULL AUTO_INCREMENT,
  `cookie_provider` varchar(50) COLLATE utf8mb4_unicode_ci NOT NULL,
  `cookie_name` varchar(50) COLLATE utf8mb4_unicode_ci NOT NULL,
  `cookie_lifetime` int(10) unsigned DEFAULT NULL,
  `cookie_enforced_lifetime` int(10) unsigned DEFAULT NULL,
  `cookie_title` varchar(200) COLLATE utf8mb4_unicode_ci NOT NULL,
  `cookie_description` text COLLATE utf8mb4_unicode_ci DEFAULT NULL,
  PRIMARY KEY (`cookie_id`)
) ENGINE=InnoDB AUTO_INCREMENT=21 DEFAULT CHARSET=utf8mb4 COLLATE=utf8mb4_unicode_ci;

CREATE TABLE `exp_cp_log` (
  `id` int(10) NOT NULL AUTO_INCREMENT,
  `site_id` int(4) unsigned NOT NULL DEFAULT 1,
  `member_id` int(10) unsigned NOT NULL,
  `username` varchar(75) COLLATE utf8mb4_unicode_ci NOT NULL,
  `ip_address` varchar(45) COLLATE utf8mb4_unicode_ci NOT NULL DEFAULT '0',
  `act_date` int(10) NOT NULL,
  `action` text COLLATE utf8mb4_unicode_ci NOT NULL,
  PRIMARY KEY (`id`),
  KEY `site_id` (`site_id`)
) ENGINE=InnoDB AUTO_INCREMENT=6 DEFAULT CHARSET=utf8mb4 COLLATE=utf8mb4_unicode_ci;

CREATE TABLE `exp_dashboard_layout_widgets` (
  `layout_id` int(10) unsigned NOT NULL,
  `widget_id` int(10) unsigned NOT NULL,
  KEY `layouts_widgets` (`layout_id`,`widget_id`)
) ENGINE=InnoDB DEFAULT CHARSET=utf8mb4 COLLATE=utf8mb4_unicode_ci;

CREATE TABLE `exp_dashboard_layouts` (
  `layout_id` int(10) unsigned NOT NULL AUTO_INCREMENT,
  `member_id` int(10) unsigned DEFAULT NULL,
  `role_id` int(10) unsigned DEFAULT NULL,
  `order` varchar(255) COLLATE utf8mb4_unicode_ci DEFAULT NULL,
  PRIMARY KEY (`layout_id`),
  KEY `member_id` (`member_id`),
  KEY `role_id` (`role_id`)
) ENGINE=InnoDB DEFAULT CHARSET=utf8mb4 COLLATE=utf8mb4_unicode_ci;

CREATE TABLE `exp_dashboard_widgets` (
  `widget_id` int(10) unsigned NOT NULL AUTO_INCREMENT,
  `widget_name` varchar(50) COLLATE utf8mb4_unicode_ci DEFAULT NULL,
  `widget_data` mediumtext COLLATE utf8mb4_unicode_ci DEFAULT NULL,
  `widget_type` varchar(10) COLLATE utf8mb4_unicode_ci NOT NULL,
  `widget_source` varchar(50) COLLATE utf8mb4_unicode_ci NOT NULL,
  `widget_file` varchar(100) COLLATE utf8mb4_unicode_ci DEFAULT NULL,
  PRIMARY KEY (`widget_id`)
) ENGINE=InnoDB AUTO_INCREMENT=7 DEFAULT CHARSET=utf8mb4 COLLATE=utf8mb4_unicode_ci;

CREATE TABLE `exp_developer_log` (
  `log_id` int(10) unsigned NOT NULL AUTO_INCREMENT,
  `timestamp` int(10) unsigned NOT NULL,
  `viewed` char(1) COLLATE utf8mb4_unicode_ci NOT NULL DEFAULT 'n',
  `description` text COLLATE utf8mb4_unicode_ci DEFAULT NULL,
  `function` varchar(100) COLLATE utf8mb4_unicode_ci DEFAULT NULL,
  `line` int(10) unsigned DEFAULT NULL,
  `file` varchar(255) COLLATE utf8mb4_unicode_ci DEFAULT NULL,
  `deprecated_since` varchar(10) COLLATE utf8mb4_unicode_ci DEFAULT NULL,
  `use_instead` varchar(100) COLLATE utf8mb4_unicode_ci DEFAULT NULL,
  `template_id` int(10) unsigned NOT NULL DEFAULT 0,
  `template_name` varchar(100) COLLATE utf8mb4_unicode_ci DEFAULT NULL,
  `template_group` varchar(100) COLLATE utf8mb4_unicode_ci DEFAULT NULL,
  `addon_module` varchar(100) COLLATE utf8mb4_unicode_ci DEFAULT NULL,
  `addon_method` varchar(100) COLLATE utf8mb4_unicode_ci DEFAULT NULL,
  `snippets` text COLLATE utf8mb4_unicode_ci DEFAULT NULL,
  `hash` char(32) COLLATE utf8mb4_unicode_ci NOT NULL,
  PRIMARY KEY (`log_id`)
) ENGINE=InnoDB DEFAULT CHARSET=utf8mb4 COLLATE=utf8mb4_unicode_ci;

CREATE TABLE `exp_dock_prolets` (
  `dock_id` int(10) unsigned NOT NULL,
  `prolet_id` int(10) unsigned NOT NULL
) ENGINE=InnoDB DEFAULT CHARSET=utf8mb4 COLLATE=utf8mb4_unicode_ci;

CREATE TABLE `exp_docks` (
  `dock_id` int(10) unsigned NOT NULL AUTO_INCREMENT,
  `site_id` int(10) unsigned DEFAULT NULL,
  PRIMARY KEY (`dock_id`)
) ENGINE=InnoDB AUTO_INCREMENT=2 DEFAULT CHARSET=utf8mb4 COLLATE=utf8mb4_unicode_ci;

CREATE TABLE `exp_email_cache` (
  `cache_id` int(6) unsigned NOT NULL AUTO_INCREMENT,
  `cache_date` int(10) unsigned NOT NULL DEFAULT 0,
  `total_sent` int(6) unsigned NOT NULL,
  `from_name` varchar(70) COLLATE utf8mb4_unicode_ci NOT NULL,
  `from_email` varchar(75) COLLATE utf8mb4_unicode_ci NOT NULL,
  `recipient` text COLLATE utf8mb4_unicode_ci NOT NULL,
  `cc` text COLLATE utf8mb4_unicode_ci NOT NULL,
  `bcc` text COLLATE utf8mb4_unicode_ci NOT NULL,
  `recipient_array` mediumtext COLLATE utf8mb4_unicode_ci NOT NULL,
  `subject` varchar(120) COLLATE utf8mb4_unicode_ci NOT NULL,
  `message` mediumtext COLLATE utf8mb4_unicode_ci NOT NULL,
  `plaintext_alt` mediumtext COLLATE utf8mb4_unicode_ci NOT NULL,
  `mailtype` varchar(6) COLLATE utf8mb4_unicode_ci NOT NULL,
  `text_fmt` varchar(40) COLLATE utf8mb4_unicode_ci NOT NULL,
  `wordwrap` char(1) COLLATE utf8mb4_unicode_ci NOT NULL DEFAULT 'y',
  `attachments` mediumtext COLLATE utf8mb4_unicode_ci DEFAULT NULL,
  PRIMARY KEY (`cache_id`)
) ENGINE=InnoDB DEFAULT CHARSET=utf8mb4 COLLATE=utf8mb4_unicode_ci;

CREATE TABLE `exp_email_cache_mg` (
  `cache_id` int(6) unsigned NOT NULL,
  `role_id` int(10) NOT NULL,
  PRIMARY KEY (`cache_id`,`role_id`)
) ENGINE=InnoDB DEFAULT CHARSET=utf8mb4 COLLATE=utf8mb4_unicode_ci;

CREATE TABLE `exp_email_cache_ml` (
  `cache_id` int(6) unsigned NOT NULL,
  `list_id` smallint(4) NOT NULL,
  PRIMARY KEY (`cache_id`,`list_id`)
) ENGINE=InnoDB DEFAULT CHARSET=utf8mb4 COLLATE=utf8mb4_unicode_ci;

CREATE TABLE `exp_email_console_cache` (
  `cache_id` int(6) unsigned NOT NULL AUTO_INCREMENT,
  `cache_date` int(10) unsigned NOT NULL DEFAULT 0,
  `member_id` int(10) unsigned NOT NULL,
  `member_name` varchar(50) COLLATE utf8mb4_unicode_ci NOT NULL,
  `ip_address` varchar(45) COLLATE utf8mb4_unicode_ci NOT NULL DEFAULT '0',
  `recipient` varchar(75) COLLATE utf8mb4_unicode_ci NOT NULL,
  `recipient_name` varchar(50) COLLATE utf8mb4_unicode_ci NOT NULL,
  `subject` varchar(120) COLLATE utf8mb4_unicode_ci NOT NULL,
  `message` mediumtext COLLATE utf8mb4_unicode_ci NOT NULL,
  PRIMARY KEY (`cache_id`)
) ENGINE=InnoDB DEFAULT CHARSET=utf8mb4 COLLATE=utf8mb4_unicode_ci;

CREATE TABLE `exp_entry_manager_views` (
  `view_id` int(10) unsigned NOT NULL AUTO_INCREMENT,
  `channel_id` int(6) unsigned NOT NULL,
  `member_id` int(10) unsigned NOT NULL,
  `name` varchar(128) NOT NULL DEFAULT '',
  `columns` text NOT NULL,
  PRIMARY KEY (`view_id`)
) ENGINE=InnoDB DEFAULT CHARSET=utf8mb4;

CREATE TABLE `exp_entry_versioning` (
  `version_id` int(10) unsigned NOT NULL AUTO_INCREMENT,
  `entry_id` int(10) unsigned NOT NULL,
  `channel_id` int(4) unsigned NOT NULL,
  `author_id` int(10) unsigned NOT NULL,
  `version_date` int(10) NOT NULL,
  `version_data` mediumtext COLLATE utf8mb4_unicode_ci NOT NULL,
  PRIMARY KEY (`version_id`),
  KEY `entry_id` (`entry_id`)
) ENGINE=InnoDB DEFAULT CHARSET=utf8mb4 COLLATE=utf8mb4_unicode_ci;

CREATE TABLE `exp_extensions` (
  `extension_id` int(10) unsigned NOT NULL AUTO_INCREMENT,
  `class` varchar(50) COLLATE utf8mb4_unicode_ci NOT NULL DEFAULT '',
  `method` varchar(50) COLLATE utf8mb4_unicode_ci NOT NULL DEFAULT '',
  `hook` varchar(50) COLLATE utf8mb4_unicode_ci NOT NULL DEFAULT '',
  `settings` text COLLATE utf8mb4_unicode_ci NOT NULL,
  `priority` int(2) NOT NULL DEFAULT 10,
  `version` varchar(10) COLLATE utf8mb4_unicode_ci NOT NULL DEFAULT '',
  `enabled` char(1) COLLATE utf8mb4_unicode_ci NOT NULL DEFAULT 'y',
  PRIMARY KEY (`extension_id`)
) ENGINE=InnoDB AUTO_INCREMENT=2 DEFAULT CHARSET=utf8mb4 COLLATE=utf8mb4_unicode_ci;

CREATE TABLE `exp_field_groups` (
  `group_id` int(4) unsigned NOT NULL AUTO_INCREMENT,
  `site_id` int(4) unsigned DEFAULT 1,
  `group_name` varchar(50) COLLATE utf8mb4_unicode_ci NOT NULL,
  PRIMARY KEY (`group_id`),
  KEY `site_id` (`site_id`)
) ENGINE=InnoDB AUTO_INCREMENT=3 DEFAULT CHARSET=utf8mb4 COLLATE=utf8mb4_unicode_ci;

CREATE TABLE `exp_fieldtypes` (
  `fieldtype_id` int(4) unsigned NOT NULL AUTO_INCREMENT,
  `name` varchar(50) COLLATE utf8mb4_unicode_ci NOT NULL,
  `version` varchar(12) COLLATE utf8mb4_unicode_ci NOT NULL,
  `settings` text COLLATE utf8mb4_unicode_ci DEFAULT NULL,
  `has_global_settings` char(1) COLLATE utf8mb4_unicode_ci DEFAULT 'n',
  PRIMARY KEY (`fieldtype_id`)
) ENGINE=InnoDB AUTO_INCREMENT=19 DEFAULT CHARSET=utf8mb4 COLLATE=utf8mb4_unicode_ci;

CREATE TABLE `exp_file_categories` (
  `file_id` int(10) unsigned NOT NULL,
  `cat_id` int(10) unsigned NOT NULL,
  `sort` int(10) unsigned DEFAULT 0,
  `is_cover` char(1) COLLATE utf8mb4_unicode_ci DEFAULT 'n',
  PRIMARY KEY (`file_id`,`cat_id`),
  KEY `cat_id` (`cat_id`)
) ENGINE=InnoDB DEFAULT CHARSET=utf8mb4 COLLATE=utf8mb4_unicode_ci;

CREATE TABLE `exp_file_dimensions` (
  `id` int(10) unsigned NOT NULL AUTO_INCREMENT,
  `site_id` int(4) unsigned NOT NULL DEFAULT 1,
  `upload_location_id` int(4) unsigned DEFAULT NULL,
  `title` varchar(255) COLLATE utf8mb4_unicode_ci DEFAULT '',
  `short_name` varchar(255) COLLATE utf8mb4_unicode_ci DEFAULT '',
  `resize_type` varchar(50) COLLATE utf8mb4_unicode_ci DEFAULT '',
  `width` int(10) DEFAULT 0,
  `height` int(10) DEFAULT 0,
  `quality` tinyint(1) unsigned DEFAULT 90,
  `watermark_id` int(4) unsigned DEFAULT NULL,
  PRIMARY KEY (`id`),
  KEY `upload_location_id` (`upload_location_id`)
) ENGINE=InnoDB DEFAULT CHARSET=utf8mb4 COLLATE=utf8mb4_unicode_ci;

CREATE TABLE `exp_file_watermarks` (
  `wm_id` int(4) unsigned NOT NULL AUTO_INCREMENT,
  `wm_name` varchar(80) COLLATE utf8mb4_unicode_ci DEFAULT NULL,
  `wm_type` varchar(10) COLLATE utf8mb4_unicode_ci DEFAULT 'text',
  `wm_image_path` varchar(255) COLLATE utf8mb4_unicode_ci DEFAULT NULL,
  `wm_test_image_path` varchar(255) COLLATE utf8mb4_unicode_ci DEFAULT NULL,
  `wm_use_font` char(1) COLLATE utf8mb4_unicode_ci DEFAULT 'y',
  `wm_font` varchar(30) COLLATE utf8mb4_unicode_ci DEFAULT NULL,
  `wm_font_size` int(3) unsigned DEFAULT NULL,
  `wm_text` varchar(100) COLLATE utf8mb4_unicode_ci DEFAULT NULL,
  `wm_vrt_alignment` varchar(10) COLLATE utf8mb4_unicode_ci DEFAULT 'top',
  `wm_hor_alignment` varchar(10) COLLATE utf8mb4_unicode_ci DEFAULT 'left',
  `wm_padding` int(3) unsigned DEFAULT NULL,
  `wm_opacity` int(3) unsigned DEFAULT NULL,
  `wm_hor_offset` int(4) unsigned DEFAULT NULL,
  `wm_vrt_offset` int(4) unsigned DEFAULT NULL,
  `wm_x_transp` int(4) DEFAULT NULL,
  `wm_y_transp` int(4) DEFAULT NULL,
  `wm_font_color` varchar(7) COLLATE utf8mb4_unicode_ci DEFAULT NULL,
  `wm_use_drop_shadow` char(1) COLLATE utf8mb4_unicode_ci DEFAULT 'y',
  `wm_shadow_distance` int(3) unsigned DEFAULT NULL,
  `wm_shadow_color` varchar(7) COLLATE utf8mb4_unicode_ci DEFAULT NULL,
  PRIMARY KEY (`wm_id`)
) ENGINE=InnoDB DEFAULT CHARSET=utf8mb4 COLLATE=utf8mb4_unicode_ci;

CREATE TABLE `exp_files` (
  `file_id` int(10) unsigned NOT NULL AUTO_INCREMENT,
  `site_id` int(4) unsigned DEFAULT 1,
  `title` varchar(255) COLLATE utf8mb4_unicode_ci DEFAULT NULL,
  `upload_location_id` int(4) unsigned DEFAULT 0,
  `mime_type` varchar(255) COLLATE utf8mb4_unicode_ci DEFAULT NULL,
  `file_name` varchar(255) COLLATE utf8mb4_unicode_ci DEFAULT NULL,
  `file_size` int(10) DEFAULT 0,
  `description` text COLLATE utf8mb4_unicode_ci DEFAULT NULL,
  `credit` varchar(255) COLLATE utf8mb4_unicode_ci DEFAULT NULL,
  `location` varchar(255) COLLATE utf8mb4_unicode_ci DEFAULT NULL,
  `uploaded_by_member_id` int(10) unsigned DEFAULT 0,
  `upload_date` int(10) DEFAULT NULL,
  `modified_by_member_id` int(10) unsigned DEFAULT 0,
  `modified_date` int(10) DEFAULT NULL,
  `file_hw_original` varchar(20) COLLATE utf8mb4_unicode_ci NOT NULL DEFAULT '',
  PRIMARY KEY (`file_id`),
  KEY `upload_location_id` (`upload_location_id`),
  KEY `site_id` (`site_id`)
) ENGINE=InnoDB AUTO_INCREMENT=18 DEFAULT CHARSET=utf8mb4 COLLATE=utf8mb4_unicode_ci;

CREATE TABLE `exp_fluid_field_data` (
  `id` int(11) unsigned NOT NULL AUTO_INCREMENT,
  `fluid_field_id` int(11) unsigned NOT NULL,
  `entry_id` int(11) unsigned NOT NULL,
  `field_id` int(11) unsigned NOT NULL,
  `field_data_id` int(11) unsigned NOT NULL,
  `order` int(5) unsigned NOT NULL DEFAULT 0,
  PRIMARY KEY (`id`),
  KEY `fluid_field_id_entry_id` (`fluid_field_id`,`entry_id`)
) ENGINE=InnoDB DEFAULT CHARSET=utf8mb4 COLLATE=utf8mb4_unicode_ci;

CREATE TABLE `exp_global_variables` (
  `variable_id` int(6) unsigned NOT NULL AUTO_INCREMENT,
  `site_id` int(4) unsigned NOT NULL DEFAULT 1,
  `variable_name` varchar(50) COLLATE utf8mb4_unicode_ci NOT NULL,
  `variable_data` text COLLATE utf8mb4_unicode_ci NOT NULL,
  `edit_date` int(10) NOT NULL DEFAULT 0,
  PRIMARY KEY (`variable_id`),
  KEY `variable_name` (`variable_name`),
  KEY `site_id` (`site_id`)
) ENGINE=InnoDB DEFAULT CHARSET=utf8mb4 COLLATE=utf8mb4_unicode_ci;

CREATE TABLE `exp_grid_columns` (
  `col_id` int(10) unsigned NOT NULL AUTO_INCREMENT,
  `field_id` int(10) unsigned DEFAULT NULL,
  `content_type` varchar(50) COLLATE utf8mb4_unicode_ci DEFAULT NULL,
  `col_order` int(3) unsigned DEFAULT NULL,
  `col_type` varchar(50) COLLATE utf8mb4_unicode_ci DEFAULT NULL,
  `col_label` varchar(50) COLLATE utf8mb4_unicode_ci DEFAULT NULL,
  `col_name` varchar(32) COLLATE utf8mb4_unicode_ci DEFAULT NULL,
  `col_instructions` text COLLATE utf8mb4_unicode_ci DEFAULT NULL,
  `col_required` char(1) COLLATE utf8mb4_unicode_ci DEFAULT NULL,
  `col_search` char(1) COLLATE utf8mb4_unicode_ci DEFAULT NULL,
  `col_width` int(3) unsigned DEFAULT NULL,
  `col_settings` text COLLATE utf8mb4_unicode_ci DEFAULT NULL,
  PRIMARY KEY (`col_id`),
  KEY `field_id` (`field_id`)
) ENGINE=InnoDB DEFAULT CHARSET=utf8mb4 COLLATE=utf8mb4_unicode_ci;

CREATE TABLE `exp_html_buttons` (
  `id` int(10) unsigned NOT NULL AUTO_INCREMENT,
  `site_id` int(4) unsigned NOT NULL DEFAULT 1,
  `member_id` int(10) NOT NULL DEFAULT 0,
  `tag_name` varchar(32) COLLATE utf8mb4_unicode_ci NOT NULL,
  `tag_open` varchar(120) COLLATE utf8mb4_unicode_ci NOT NULL,
  `tag_close` varchar(120) COLLATE utf8mb4_unicode_ci NOT NULL,
  `accesskey` varchar(32) COLLATE utf8mb4_unicode_ci NOT NULL,
  `tag_order` int(3) unsigned NOT NULL,
  `tag_row` char(1) COLLATE utf8mb4_unicode_ci NOT NULL DEFAULT '1',
  `classname` varchar(20) COLLATE utf8mb4_unicode_ci DEFAULT NULL,
  PRIMARY KEY (`id`),
  KEY `site_id` (`site_id`)
) ENGINE=InnoDB AUTO_INCREMENT=6 DEFAULT CHARSET=utf8mb4 COLLATE=utf8mb4_unicode_ci;

CREATE TABLE `exp_layout_publish` (
  `layout_id` int(10) unsigned NOT NULL AUTO_INCREMENT,
  `site_id` int(4) unsigned NOT NULL DEFAULT 1,
  `channel_id` int(4) unsigned NOT NULL DEFAULT 0,
  `layout_name` varchar(50) COLLATE utf8mb4_unicode_ci NOT NULL,
  `field_layout` text COLLATE utf8mb4_unicode_ci DEFAULT NULL,
  PRIMARY KEY (`layout_id`),
  KEY `site_id` (`site_id`),
  KEY `channel_id` (`channel_id`)
) ENGINE=InnoDB DEFAULT CHARSET=utf8mb4 COLLATE=utf8mb4_unicode_ci;

CREATE TABLE `exp_layout_publish_member_roles` (
  `layout_id` int(10) unsigned NOT NULL,
  `role_id` int(10) unsigned NOT NULL,
  PRIMARY KEY (`layout_id`,`role_id`)
) ENGINE=InnoDB DEFAULT CHARSET=utf8mb4 COLLATE=utf8mb4_unicode_ci;

CREATE TABLE `exp_member_bulletin_board` (
  `bulletin_id` int(10) unsigned NOT NULL AUTO_INCREMENT,
  `sender_id` int(10) unsigned NOT NULL,
  `bulletin_group` int(8) unsigned NOT NULL,
  `bulletin_date` int(10) unsigned NOT NULL,
  `hash` varchar(10) COLLATE utf8mb4_unicode_ci NOT NULL DEFAULT '',
  `bulletin_expires` int(10) unsigned NOT NULL DEFAULT 0,
  `bulletin_message` text COLLATE utf8mb4_unicode_ci NOT NULL,
  PRIMARY KEY (`bulletin_id`),
  KEY `sender_id` (`sender_id`),
  KEY `hash` (`hash`)
) ENGINE=InnoDB DEFAULT CHARSET=utf8mb4 COLLATE=utf8mb4_unicode_ci;

CREATE TABLE `exp_member_data` (
  `member_id` int(10) unsigned NOT NULL,
  PRIMARY KEY (`member_id`)
) ENGINE=InnoDB DEFAULT CHARSET=utf8mb4 COLLATE=utf8mb4_unicode_ci;

CREATE TABLE `exp_member_fields` (
  `m_field_id` int(4) unsigned NOT NULL AUTO_INCREMENT,
  `m_field_name` varchar(32) COLLATE utf8mb4_unicode_ci NOT NULL,
  `m_field_label` varchar(50) COLLATE utf8mb4_unicode_ci NOT NULL,
  `m_field_description` text COLLATE utf8mb4_unicode_ci NOT NULL,
  `m_field_type` varchar(12) COLLATE utf8mb4_unicode_ci NOT NULL DEFAULT 'text',
  `m_field_list_items` text COLLATE utf8mb4_unicode_ci NOT NULL,
  `m_field_ta_rows` tinyint(2) DEFAULT 8,
  `m_field_maxl` smallint(3) DEFAULT NULL,
  `m_field_width` varchar(6) COLLATE utf8mb4_unicode_ci DEFAULT NULL,
  `m_field_search` char(1) COLLATE utf8mb4_unicode_ci NOT NULL DEFAULT 'y',
  `m_field_required` char(1) COLLATE utf8mb4_unicode_ci NOT NULL DEFAULT 'n',
  `m_field_public` char(1) COLLATE utf8mb4_unicode_ci NOT NULL DEFAULT 'y',
  `m_field_reg` char(1) COLLATE utf8mb4_unicode_ci NOT NULL DEFAULT 'n',
  `m_field_cp_reg` char(1) COLLATE utf8mb4_unicode_ci NOT NULL DEFAULT 'n',
  `m_field_fmt` varchar(40) COLLATE utf8mb4_unicode_ci NOT NULL DEFAULT 'none',
  `m_field_show_fmt` char(1) COLLATE utf8mb4_unicode_ci NOT NULL DEFAULT 'y',
  `m_field_exclude_from_anon` char(1) COLLATE utf8mb4_unicode_ci NOT NULL DEFAULT 'n',
  `m_field_order` int(3) unsigned DEFAULT NULL,
  `m_field_text_direction` char(3) COLLATE utf8mb4_unicode_ci DEFAULT 'ltr',
  `m_field_settings` text COLLATE utf8mb4_unicode_ci DEFAULT NULL,
  `m_legacy_field_data` char(1) COLLATE utf8mb4_unicode_ci NOT NULL DEFAULT 'n',
  PRIMARY KEY (`m_field_id`)
) ENGINE=InnoDB DEFAULT CHARSET=utf8mb4 COLLATE=utf8mb4_unicode_ci;

CREATE TABLE `exp_member_news_views` (
  `news_id` int(10) unsigned NOT NULL AUTO_INCREMENT,
  `version` varchar(10) COLLATE utf8mb4_unicode_ci DEFAULT NULL,
  `member_id` int(10) unsigned NOT NULL DEFAULT 0,
  PRIMARY KEY (`news_id`),
  KEY `member_id` (`member_id`)
) ENGINE=InnoDB AUTO_INCREMENT=2 DEFAULT CHARSET=utf8mb4 COLLATE=utf8mb4_unicode_ci;

CREATE TABLE `exp_member_search` (
  `search_id` varchar(32) COLLATE utf8mb4_unicode_ci NOT NULL,
  `site_id` int(4) unsigned NOT NULL DEFAULT 1,
  `search_date` int(10) unsigned NOT NULL,
  `keywords` varchar(200) COLLATE utf8mb4_unicode_ci NOT NULL,
  `fields` varchar(200) COLLATE utf8mb4_unicode_ci NOT NULL,
  `member_id` int(10) unsigned NOT NULL,
  `ip_address` varchar(45) COLLATE utf8mb4_unicode_ci NOT NULL DEFAULT '0',
  `total_results` int(8) unsigned NOT NULL,
  `query` text COLLATE utf8mb4_unicode_ci NOT NULL,
  PRIMARY KEY (`search_id`),
  KEY `member_id` (`member_id`),
  KEY `site_id` (`site_id`)
) ENGINE=InnoDB DEFAULT CHARSET=utf8mb4 COLLATE=utf8mb4_unicode_ci;

CREATE TABLE `exp_members` (
  `member_id` int(10) unsigned NOT NULL AUTO_INCREMENT,
  `role_id` int(10) NOT NULL DEFAULT 0,
  `pending_role_id` int(10) NOT NULL DEFAULT 0,
  `username` varchar(75) COLLATE utf8mb4_unicode_ci NOT NULL,
  `screen_name` varchar(75) COLLATE utf8mb4_unicode_ci NOT NULL,
  `password` varchar(128) COLLATE utf8mb4_unicode_ci NOT NULL DEFAULT '',
  `salt` varchar(128) COLLATE utf8mb4_unicode_ci NOT NULL DEFAULT '',
  `unique_id` varchar(40) COLLATE utf8mb4_unicode_ci NOT NULL,
  `crypt_key` varchar(40) COLLATE utf8mb4_unicode_ci DEFAULT NULL,
  `backup_mfa_code` varchar(128) COLLATE utf8mb4_unicode_ci DEFAULT NULL,
  `authcode` varchar(10) COLLATE utf8mb4_unicode_ci DEFAULT NULL,
  `email` varchar(75) COLLATE utf8mb4_unicode_ci NOT NULL,
  `signature` text COLLATE utf8mb4_unicode_ci DEFAULT NULL,
  `avatar_filename` varchar(120) COLLATE utf8mb4_unicode_ci DEFAULT NULL,
  `avatar_width` int(4) unsigned DEFAULT NULL,
  `avatar_height` int(4) unsigned DEFAULT NULL,
  `photo_filename` varchar(120) COLLATE utf8mb4_unicode_ci DEFAULT NULL,
  `photo_width` int(4) unsigned DEFAULT NULL,
  `photo_height` int(4) unsigned DEFAULT NULL,
  `sig_img_filename` varchar(120) COLLATE utf8mb4_unicode_ci DEFAULT NULL,
  `sig_img_width` int(4) unsigned DEFAULT NULL,
  `sig_img_height` int(4) unsigned DEFAULT NULL,
  `ignore_list` text COLLATE utf8mb4_unicode_ci DEFAULT NULL,
  `private_messages` int(4) unsigned NOT NULL DEFAULT 0,
  `accept_messages` char(1) COLLATE utf8mb4_unicode_ci NOT NULL DEFAULT 'y',
  `last_view_bulletins` int(10) NOT NULL DEFAULT 0,
  `last_bulletin_date` int(10) NOT NULL DEFAULT 0,
  `ip_address` varchar(45) COLLATE utf8mb4_unicode_ci NOT NULL DEFAULT '0',
  `join_date` int(10) unsigned NOT NULL DEFAULT 0,
  `last_visit` int(10) unsigned NOT NULL DEFAULT 0,
  `last_activity` int(10) unsigned NOT NULL DEFAULT 0,
  `total_entries` mediumint(8) unsigned NOT NULL DEFAULT 0,
  `total_comments` mediumint(8) unsigned NOT NULL DEFAULT 0,
  `total_forum_topics` mediumint(8) NOT NULL DEFAULT 0,
  `total_forum_posts` mediumint(8) NOT NULL DEFAULT 0,
  `last_entry_date` int(10) unsigned NOT NULL DEFAULT 0,
  `last_comment_date` int(10) unsigned NOT NULL DEFAULT 0,
  `last_forum_post_date` int(10) unsigned NOT NULL DEFAULT 0,
  `last_email_date` int(10) unsigned NOT NULL DEFAULT 0,
  `in_authorlist` char(1) COLLATE utf8mb4_unicode_ci NOT NULL DEFAULT 'n',
  `accept_admin_email` char(1) COLLATE utf8mb4_unicode_ci NOT NULL DEFAULT 'y',
  `accept_user_email` char(1) COLLATE utf8mb4_unicode_ci NOT NULL DEFAULT 'y',
  `notify_by_default` char(1) COLLATE utf8mb4_unicode_ci NOT NULL DEFAULT 'y',
  `notify_of_pm` char(1) COLLATE utf8mb4_unicode_ci NOT NULL DEFAULT 'y',
  `display_signatures` char(1) COLLATE utf8mb4_unicode_ci NOT NULL DEFAULT 'y',
  `parse_smileys` char(1) COLLATE utf8mb4_unicode_ci NOT NULL DEFAULT 'y',
  `smart_notifications` char(1) COLLATE utf8mb4_unicode_ci NOT NULL DEFAULT 'y',
  `language` varchar(50) COLLATE utf8mb4_unicode_ci NOT NULL,
  `timezone` varchar(50) COLLATE utf8mb4_unicode_ci DEFAULT NULL,
  `time_format` char(2) COLLATE utf8mb4_unicode_ci DEFAULT NULL,
  `date_format` varchar(8) COLLATE utf8mb4_unicode_ci DEFAULT NULL,
  `include_seconds` char(1) COLLATE utf8mb4_unicode_ci DEFAULT NULL,
  `profile_theme` varchar(32) COLLATE utf8mb4_unicode_ci DEFAULT NULL,
  `forum_theme` varchar(32) COLLATE utf8mb4_unicode_ci DEFAULT NULL,
  `tracker` text COLLATE utf8mb4_unicode_ci DEFAULT NULL,
  `template_size` varchar(2) COLLATE utf8mb4_unicode_ci NOT NULL DEFAULT '28',
  `notepad` text COLLATE utf8mb4_unicode_ci DEFAULT NULL,
  `notepad_size` varchar(2) COLLATE utf8mb4_unicode_ci NOT NULL DEFAULT '18',
  `bookmarklets` text COLLATE utf8mb4_unicode_ci DEFAULT NULL,
  `quick_links` text COLLATE utf8mb4_unicode_ci DEFAULT NULL,
  `quick_tabs` text COLLATE utf8mb4_unicode_ci DEFAULT NULL,
  `show_sidebar` char(1) COLLATE utf8mb4_unicode_ci NOT NULL DEFAULT 'n',
  `pmember_id` int(10) NOT NULL DEFAULT 0,
  `cp_homepage` varchar(20) COLLATE utf8mb4_unicode_ci DEFAULT NULL,
  `cp_homepage_channel` varchar(255) COLLATE utf8mb4_unicode_ci DEFAULT NULL,
  `cp_homepage_custom` varchar(100) COLLATE utf8mb4_unicode_ci DEFAULT NULL,
  `dismissed_pro_banner` char(1) COLLATE utf8mb4_unicode_ci NOT NULL DEFAULT 'n',
  `enable_mfa` char(1) COLLATE utf8mb4_unicode_ci NOT NULL DEFAULT 'n',
  PRIMARY KEY (`member_id`),
  KEY `role_id` (`role_id`),
  KEY `unique_id` (`unique_id`),
  KEY `password` (`password`)
) ENGINE=InnoDB AUTO_INCREMENT=2 DEFAULT CHARSET=utf8mb4 COLLATE=utf8mb4_unicode_ci;

CREATE TABLE `exp_members_role_groups` (
  `member_id` int(10) unsigned NOT NULL,
  `group_id` int(10) unsigned NOT NULL,
  PRIMARY KEY (`member_id`,`group_id`)
) ENGINE=InnoDB DEFAULT CHARSET=utf8mb4 COLLATE=utf8mb4_unicode_ci;

CREATE TABLE `exp_members_roles` (
  `member_id` int(10) unsigned NOT NULL,
  `role_id` int(10) unsigned NOT NULL,
  PRIMARY KEY (`member_id`,`role_id`)
) ENGINE=InnoDB DEFAULT CHARSET=utf8mb4 COLLATE=utf8mb4_unicode_ci;

CREATE TABLE `exp_menu_items` (
  `item_id` int(10) unsigned NOT NULL AUTO_INCREMENT,
  `parent_id` int(10) NOT NULL DEFAULT 0,
  `set_id` int(10) DEFAULT NULL,
  `name` varchar(50) COLLATE utf8mb4_unicode_ci DEFAULT NULL,
  `data` varchar(255) COLLATE utf8mb4_unicode_ci DEFAULT NULL,
  `type` varchar(10) COLLATE utf8mb4_unicode_ci DEFAULT NULL,
  `sort` int(5) NOT NULL DEFAULT 0,
  PRIMARY KEY (`item_id`),
  KEY `set_id` (`set_id`)
) ENGINE=InnoDB DEFAULT CHARSET=utf8mb4 COLLATE=utf8mb4_unicode_ci;

CREATE TABLE `exp_menu_sets` (
  `set_id` int(10) unsigned NOT NULL AUTO_INCREMENT,
  `name` varchar(50) COLLATE utf8mb4_unicode_ci DEFAULT NULL,
  PRIMARY KEY (`set_id`)
) ENGINE=InnoDB AUTO_INCREMENT=2 DEFAULT CHARSET=utf8mb4 COLLATE=utf8mb4_unicode_ci;

CREATE TABLE `exp_message_attachments` (
  `attachment_id` int(10) unsigned NOT NULL AUTO_INCREMENT,
  `sender_id` int(10) unsigned NOT NULL DEFAULT 0,
  `message_id` int(10) unsigned NOT NULL DEFAULT 0,
  `attachment_name` varchar(50) COLLATE utf8mb4_unicode_ci NOT NULL DEFAULT '',
  `attachment_hash` varchar(40) COLLATE utf8mb4_unicode_ci NOT NULL DEFAULT '',
  `attachment_extension` varchar(20) COLLATE utf8mb4_unicode_ci NOT NULL DEFAULT '',
  `attachment_location` varchar(150) COLLATE utf8mb4_unicode_ci NOT NULL DEFAULT '',
  `attachment_date` int(10) unsigned NOT NULL DEFAULT 0,
  `attachment_size` int(10) unsigned NOT NULL DEFAULT 0,
  `is_temp` char(1) COLLATE utf8mb4_unicode_ci NOT NULL DEFAULT 'y',
  PRIMARY KEY (`attachment_id`)
) ENGINE=InnoDB DEFAULT CHARSET=utf8mb4 COLLATE=utf8mb4_unicode_ci;

CREATE TABLE `exp_message_copies` (
  `copy_id` int(10) unsigned NOT NULL AUTO_INCREMENT,
  `message_id` int(10) unsigned NOT NULL DEFAULT 0,
  `sender_id` int(10) unsigned NOT NULL DEFAULT 0,
  `recipient_id` int(10) unsigned NOT NULL DEFAULT 0,
  `message_received` char(1) COLLATE utf8mb4_unicode_ci NOT NULL DEFAULT 'n',
  `message_read` char(1) COLLATE utf8mb4_unicode_ci NOT NULL DEFAULT 'n',
  `message_time_read` int(10) unsigned NOT NULL DEFAULT 0,
  `attachment_downloaded` char(1) COLLATE utf8mb4_unicode_ci NOT NULL DEFAULT 'n',
  `message_folder` int(10) unsigned NOT NULL DEFAULT 1,
  `message_authcode` varchar(10) COLLATE utf8mb4_unicode_ci NOT NULL DEFAULT '',
  `message_deleted` char(1) COLLATE utf8mb4_unicode_ci NOT NULL DEFAULT 'n',
  `message_status` varchar(10) COLLATE utf8mb4_unicode_ci NOT NULL DEFAULT '',
  PRIMARY KEY (`copy_id`),
  KEY `message_id` (`message_id`),
  KEY `recipient_id` (`recipient_id`),
  KEY `sender_id` (`sender_id`)
) ENGINE=InnoDB DEFAULT CHARSET=utf8mb4 COLLATE=utf8mb4_unicode_ci;

CREATE TABLE `exp_message_data` (
  `message_id` int(10) unsigned NOT NULL AUTO_INCREMENT,
  `sender_id` int(10) unsigned NOT NULL DEFAULT 0,
  `message_date` int(10) unsigned NOT NULL DEFAULT 0,
  `message_subject` varchar(255) COLLATE utf8mb4_unicode_ci NOT NULL DEFAULT '',
  `message_body` text COLLATE utf8mb4_unicode_ci NOT NULL,
  `message_tracking` char(1) COLLATE utf8mb4_unicode_ci NOT NULL DEFAULT 'y',
  `message_attachments` char(1) COLLATE utf8mb4_unicode_ci NOT NULL DEFAULT 'n',
  `message_recipients` varchar(200) COLLATE utf8mb4_unicode_ci NOT NULL DEFAULT '',
  `message_cc` varchar(200) COLLATE utf8mb4_unicode_ci NOT NULL DEFAULT '',
  `message_hide_cc` char(1) COLLATE utf8mb4_unicode_ci NOT NULL DEFAULT 'n',
  `message_sent_copy` char(1) COLLATE utf8mb4_unicode_ci NOT NULL DEFAULT 'n',
  `total_recipients` int(5) unsigned NOT NULL DEFAULT 0,
  `message_status` varchar(25) COLLATE utf8mb4_unicode_ci NOT NULL DEFAULT '',
  PRIMARY KEY (`message_id`),
  KEY `sender_id` (`sender_id`)
) ENGINE=InnoDB DEFAULT CHARSET=utf8mb4 COLLATE=utf8mb4_unicode_ci;

CREATE TABLE `exp_message_folders` (
  `member_id` int(10) unsigned NOT NULL DEFAULT 0,
  `folder1_name` varchar(50) COLLATE utf8mb4_unicode_ci NOT NULL DEFAULT 'InBox',
  `folder2_name` varchar(50) COLLATE utf8mb4_unicode_ci NOT NULL DEFAULT 'Sent',
  `folder3_name` varchar(50) COLLATE utf8mb4_unicode_ci NOT NULL DEFAULT '',
  `folder4_name` varchar(50) COLLATE utf8mb4_unicode_ci NOT NULL DEFAULT '',
  `folder5_name` varchar(50) COLLATE utf8mb4_unicode_ci NOT NULL DEFAULT '',
  `folder6_name` varchar(50) COLLATE utf8mb4_unicode_ci NOT NULL DEFAULT '',
  `folder7_name` varchar(50) COLLATE utf8mb4_unicode_ci NOT NULL DEFAULT '',
  `folder8_name` varchar(50) COLLATE utf8mb4_unicode_ci NOT NULL DEFAULT '',
  `folder9_name` varchar(50) COLLATE utf8mb4_unicode_ci NOT NULL DEFAULT '',
  `folder10_name` varchar(50) COLLATE utf8mb4_unicode_ci NOT NULL DEFAULT '',
  PRIMARY KEY (`member_id`)
) ENGINE=InnoDB DEFAULT CHARSET=utf8mb4 COLLATE=utf8mb4_unicode_ci;

CREATE TABLE `exp_message_listed` (
  `listed_id` int(10) unsigned NOT NULL AUTO_INCREMENT,
  `member_id` int(10) unsigned NOT NULL DEFAULT 0,
  `listed_member` int(10) unsigned NOT NULL DEFAULT 0,
  `listed_description` varchar(100) COLLATE utf8mb4_unicode_ci NOT NULL DEFAULT '',
  `listed_type` varchar(10) COLLATE utf8mb4_unicode_ci NOT NULL DEFAULT 'blocked',
  PRIMARY KEY (`listed_id`)
) ENGINE=InnoDB DEFAULT CHARSET=utf8mb4 COLLATE=utf8mb4_unicode_ci;

CREATE TABLE `exp_migrations` (
  `migration_id` int(10) unsigned NOT NULL AUTO_INCREMENT,
  `migration` text COLLATE utf8mb4_unicode_ci DEFAULT NULL,
  `migration_location` text COLLATE utf8mb4_unicode_ci DEFAULT NULL,
  `migration_group` int(10) unsigned DEFAULT NULL,
  `migration_run_date` datetime NOT NULL,
  PRIMARY KEY (`migration_id`)
) ENGINE=InnoDB DEFAULT CHARSET=utf8mb4 COLLATE=utf8mb4_unicode_ci;

CREATE TABLE `exp_module_member_roles` (
  `role_id` int(10) unsigned NOT NULL,
  `module_id` mediumint(5) unsigned NOT NULL,
  PRIMARY KEY (`role_id`,`module_id`)
) ENGINE=InnoDB DEFAULT CHARSET=utf8mb4 COLLATE=utf8mb4_unicode_ci;

CREATE TABLE `exp_modules` (
  `module_id` int(4) unsigned NOT NULL AUTO_INCREMENT,
  `module_name` varchar(50) COLLATE utf8mb4_unicode_ci NOT NULL,
  `module_version` varchar(12) COLLATE utf8mb4_unicode_ci NOT NULL,
  `has_cp_backend` char(1) COLLATE utf8mb4_unicode_ci NOT NULL DEFAULT 'n',
  `has_publish_fields` char(1) COLLATE utf8mb4_unicode_ci NOT NULL DEFAULT 'n',
  PRIMARY KEY (`module_id`)
) ENGINE=InnoDB AUTO_INCREMENT=14 DEFAULT CHARSET=utf8mb4 COLLATE=utf8mb4_unicode_ci;

CREATE TABLE `exp_online_users` (
  `online_id` int(10) unsigned NOT NULL AUTO_INCREMENT,
  `site_id` int(4) unsigned NOT NULL DEFAULT 1,
  `member_id` int(10) NOT NULL DEFAULT 0,
  `in_forum` char(1) COLLATE utf8mb4_unicode_ci NOT NULL DEFAULT 'n',
  `name` varchar(75) COLLATE utf8mb4_unicode_ci NOT NULL DEFAULT '0',
  `ip_address` varchar(45) COLLATE utf8mb4_unicode_ci NOT NULL DEFAULT '0',
  `date` int(10) unsigned NOT NULL DEFAULT 0,
  `anon` char(1) COLLATE utf8mb4_unicode_ci NOT NULL,
  PRIMARY KEY (`online_id`),
  KEY `date` (`date`),
  KEY `site_id` (`site_id`)
) ENGINE=InnoDB DEFAULT CHARSET=utf8mb4 COLLATE=utf8mb4_unicode_ci;

CREATE TABLE `exp_password_lockout` (
  `lockout_id` int(10) unsigned NOT NULL AUTO_INCREMENT,
  `login_date` int(10) unsigned NOT NULL,
  `ip_address` varchar(45) COLLATE utf8mb4_unicode_ci NOT NULL DEFAULT '0',
  `user_agent` varchar(120) COLLATE utf8mb4_unicode_ci NOT NULL,
  `username` varchar(75) COLLATE utf8mb4_unicode_ci NOT NULL,
  PRIMARY KEY (`lockout_id`),
  KEY `login_date` (`login_date`),
  KEY `ip_address` (`ip_address`),
  KEY `user_agent` (`user_agent`)
) ENGINE=InnoDB DEFAULT CHARSET=utf8mb4 COLLATE=utf8mb4_unicode_ci;

CREATE TABLE `exp_permissions` (
  `permission_id` int(10) unsigned NOT NULL AUTO_INCREMENT,
  `role_id` int(10) unsigned NOT NULL,
  `site_id` int(5) unsigned NOT NULL,
  `permission` varchar(64) COLLATE utf8mb4_unicode_ci NOT NULL,
  PRIMARY KEY (`permission_id`),
  KEY `role_id_site_id` (`role_id`,`site_id`)
) ENGINE=InnoDB AUTO_INCREMENT=100 DEFAULT CHARSET=utf8mb4 COLLATE=utf8mb4_unicode_ci;

CREATE TABLE `exp_plugins` (
  `plugin_id` int(10) unsigned NOT NULL AUTO_INCREMENT,
  `plugin_name` varchar(50) COLLATE utf8mb4_unicode_ci NOT NULL,
  `plugin_package` varchar(50) COLLATE utf8mb4_unicode_ci NOT NULL,
  `plugin_version` varchar(12) COLLATE utf8mb4_unicode_ci NOT NULL,
  `is_typography_related` char(1) COLLATE utf8mb4_unicode_ci NOT NULL DEFAULT 'n',
  PRIMARY KEY (`plugin_id`)
) ENGINE=InnoDB DEFAULT CHARSET=utf8mb4 COLLATE=utf8mb4_unicode_ci;

CREATE TABLE `exp_prolets` (
  `prolet_id` int(10) unsigned NOT NULL AUTO_INCREMENT,
  `source` varchar(100) COLLATE utf8mb4_unicode_ci DEFAULT NULL,
  `class` varchar(255) COLLATE utf8mb4_unicode_ci NOT NULL,
  PRIMARY KEY (`prolet_id`)
) ENGINE=InnoDB AUTO_INCREMENT=2 DEFAULT CHARSET=utf8mb4 COLLATE=utf8mb4_unicode_ci;

CREATE TABLE `exp_relationships` (
  `relationship_id` int(6) unsigned NOT NULL AUTO_INCREMENT,
  `parent_id` int(10) unsigned NOT NULL DEFAULT 0,
  `child_id` int(10) unsigned NOT NULL DEFAULT 0,
  `field_id` int(10) unsigned NOT NULL DEFAULT 0,
  `fluid_field_data_id` int(10) unsigned NOT NULL DEFAULT 0,
  `grid_field_id` int(10) unsigned NOT NULL DEFAULT 0,
  `grid_col_id` int(10) unsigned NOT NULL DEFAULT 0,
  `grid_row_id` int(10) unsigned NOT NULL DEFAULT 0,
  `order` int(10) unsigned NOT NULL DEFAULT 0,
  PRIMARY KEY (`relationship_id`),
  KEY `parent_id` (`parent_id`),
  KEY `child_id` (`child_id`),
  KEY `field_id` (`field_id`),
  KEY `fluid_field_data_id` (`fluid_field_data_id`),
  KEY `grid_row_id` (`grid_row_id`)
) ENGINE=InnoDB DEFAULT CHARSET=utf8mb4 COLLATE=utf8mb4_unicode_ci;

CREATE TABLE `exp_remember_me` (
  `remember_me_id` varchar(40) COLLATE utf8mb4_unicode_ci NOT NULL DEFAULT '0',
  `member_id` int(10) DEFAULT 0,
  `ip_address` varchar(45) COLLATE utf8mb4_unicode_ci DEFAULT '0',
  `user_agent` varchar(120) COLLATE utf8mb4_unicode_ci DEFAULT '',
  `admin_sess` tinyint(1) DEFAULT 0,
  `site_id` int(4) DEFAULT 1,
  `expiration` int(10) DEFAULT 0,
  `last_refresh` int(10) DEFAULT 0,
  PRIMARY KEY (`remember_me_id`),
  KEY `member_id` (`member_id`)
) ENGINE=InnoDB DEFAULT CHARSET=utf8mb4 COLLATE=utf8mb4_unicode_ci;

CREATE TABLE `exp_reset_password` (
  `reset_id` int(10) unsigned NOT NULL AUTO_INCREMENT,
  `member_id` int(10) unsigned NOT NULL,
  `resetcode` varchar(12) COLLATE utf8mb4_unicode_ci NOT NULL,
  `date` int(10) NOT NULL,
  PRIMARY KEY (`reset_id`)
) ENGINE=InnoDB DEFAULT CHARSET=utf8mb4 COLLATE=utf8mb4_unicode_ci;

CREATE TABLE `exp_revision_tracker` (
  `tracker_id` int(10) unsigned NOT NULL AUTO_INCREMENT,
  `item_id` int(10) unsigned NOT NULL,
  `item_table` varchar(20) COLLATE utf8mb4_unicode_ci NOT NULL,
  `item_field` varchar(20) COLLATE utf8mb4_unicode_ci NOT NULL,
  `item_date` int(10) NOT NULL,
  `item_author_id` int(10) unsigned NOT NULL,
  `item_data` mediumtext COLLATE utf8mb4_unicode_ci NOT NULL,
  PRIMARY KEY (`tracker_id`),
  KEY `item_id` (`item_id`)
) ENGINE=InnoDB DEFAULT CHARSET=utf8mb4 COLLATE=utf8mb4_unicode_ci;

CREATE TABLE `exp_role_groups` (
  `group_id` int(10) unsigned NOT NULL AUTO_INCREMENT,
  `name` varchar(100) COLLATE utf8mb4_unicode_ci NOT NULL,
  PRIMARY KEY (`group_id`)
) ENGINE=InnoDB DEFAULT CHARSET=utf8mb4 COLLATE=utf8mb4_unicode_ci;

CREATE TABLE `exp_role_settings` (
  `id` int(10) unsigned NOT NULL AUTO_INCREMENT,
  `role_id` int(10) unsigned NOT NULL,
  `site_id` int(4) unsigned NOT NULL DEFAULT 1,
  `menu_set_id` int(5) unsigned NOT NULL DEFAULT 1,
  `mbr_delete_notify_emails` varchar(255) COLLATE utf8mb4_unicode_ci DEFAULT NULL,
  `exclude_from_moderation` char(1) COLLATE utf8mb4_unicode_ci NOT NULL DEFAULT 'n',
  `search_flood_control` mediumint(5) unsigned NOT NULL,
  `prv_msg_send_limit` smallint(5) unsigned NOT NULL DEFAULT 20,
  `prv_msg_storage_limit` smallint(5) unsigned NOT NULL DEFAULT 60,
  `include_in_authorlist` char(1) COLLATE utf8mb4_unicode_ci NOT NULL DEFAULT 'n',
  `include_in_memberlist` char(1) COLLATE utf8mb4_unicode_ci NOT NULL DEFAULT 'y',
  `cp_homepage` varchar(20) COLLATE utf8mb4_unicode_ci DEFAULT NULL,
  `cp_homepage_channel` int(10) unsigned NOT NULL DEFAULT 0,
  `cp_homepage_custom` varchar(100) COLLATE utf8mb4_unicode_ci DEFAULT NULL,
  `require_mfa` char(1) COLLATE utf8mb4_unicode_ci NOT NULL DEFAULT 'n',
  PRIMARY KEY (`id`),
  KEY `role_id_site_id` (`role_id`,`site_id`)
) ENGINE=InnoDB AUTO_INCREMENT=6 DEFAULT CHARSET=utf8mb4 COLLATE=utf8mb4_unicode_ci;

CREATE TABLE `exp_roles` (
  `role_id` int(10) unsigned NOT NULL AUTO_INCREMENT,
  `name` varchar(100) COLLATE utf8mb4_unicode_ci NOT NULL,
  `short_name` varchar(50) COLLATE utf8mb4_unicode_ci NOT NULL,
  `description` text COLLATE utf8mb4_unicode_ci DEFAULT NULL,
  `total_members` mediumint(8) unsigned NOT NULL DEFAULT 0,
  `is_locked` char(1) COLLATE utf8mb4_unicode_ci NOT NULL DEFAULT 'n',
  PRIMARY KEY (`role_id`)
) ENGINE=InnoDB AUTO_INCREMENT=6 DEFAULT CHARSET=utf8mb4 COLLATE=utf8mb4_unicode_ci;

CREATE TABLE `exp_roles_role_groups` (
  `role_id` int(10) unsigned NOT NULL,
  `group_id` int(10) unsigned NOT NULL,
  PRIMARY KEY (`role_id`,`group_id`)
) ENGINE=InnoDB DEFAULT CHARSET=utf8mb4 COLLATE=utf8mb4_unicode_ci;

CREATE TABLE `exp_rte_toolsets` (
  `toolset_id` int(6) unsigned NOT NULL AUTO_INCREMENT,
  `toolset_name` varchar(32) COLLATE utf8mb4_unicode_ci DEFAULT NULL,
  `toolset_type` varchar(32) COLLATE utf8mb4_unicode_ci DEFAULT NULL,
  `settings` text COLLATE utf8mb4_unicode_ci DEFAULT NULL,
  PRIMARY KEY (`toolset_id`)
) ENGINE=InnoDB AUTO_INCREMENT=5 DEFAULT CHARSET=utf8mb4 COLLATE=utf8mb4_unicode_ci;

CREATE TABLE `exp_search` (
  `search_id` varchar(32) COLLATE utf8mb4_unicode_ci NOT NULL,
  `site_id` int(4) NOT NULL DEFAULT 1,
  `search_date` int(10) NOT NULL,
  `keywords` varchar(60) COLLATE utf8mb4_unicode_ci NOT NULL,
  `member_id` int(10) unsigned NOT NULL,
  `ip_address` varchar(45) COLLATE utf8mb4_unicode_ci NOT NULL,
  `total_results` int(6) NOT NULL,
  `per_page` tinyint(3) unsigned NOT NULL,
  `query` mediumtext COLLATE utf8mb4_unicode_ci DEFAULT NULL,
  `custom_fields` mediumtext COLLATE utf8mb4_unicode_ci DEFAULT NULL,
  `result_page` varchar(70) COLLATE utf8mb4_unicode_ci NOT NULL,
  `no_result_page` varchar(70) COLLATE utf8mb4_unicode_ci DEFAULT NULL,
  PRIMARY KEY (`search_id`),
  KEY `site_id` (`site_id`)
) ENGINE=InnoDB DEFAULT CHARSET=utf8mb4 COLLATE=utf8mb4_unicode_ci;

CREATE TABLE `exp_search_log` (
  `id` int(10) NOT NULL AUTO_INCREMENT,
  `site_id` int(4) unsigned NOT NULL DEFAULT 1,
  `member_id` int(10) unsigned NOT NULL,
  `screen_name` varchar(50) COLLATE utf8mb4_unicode_ci NOT NULL,
  `ip_address` varchar(45) COLLATE utf8mb4_unicode_ci NOT NULL DEFAULT '0',
  `search_date` int(10) NOT NULL,
  `search_type` varchar(32) COLLATE utf8mb4_unicode_ci NOT NULL,
  `search_terms` varchar(200) COLLATE utf8mb4_unicode_ci NOT NULL,
  PRIMARY KEY (`id`),
  KEY `site_id` (`site_id`)
) ENGINE=InnoDB DEFAULT CHARSET=utf8mb4 COLLATE=utf8mb4_unicode_ci;

CREATE TABLE `exp_security_hashes` (
  `hash_id` int(10) unsigned NOT NULL AUTO_INCREMENT,
  `date` int(10) unsigned NOT NULL,
  `session_id` varchar(40) COLLATE utf8mb4_unicode_ci NOT NULL DEFAULT '0',
  `hash` varchar(40) COLLATE utf8mb4_unicode_ci NOT NULL,
  PRIMARY KEY (`hash_id`),
  KEY `session_id` (`session_id`)
) ENGINE=InnoDB AUTO_INCREMENT=6 DEFAULT CHARSET=utf8mb4 COLLATE=utf8mb4_unicode_ci;

CREATE TABLE `exp_sessions` (
  `session_id` varchar(40) COLLATE utf8mb4_unicode_ci NOT NULL DEFAULT '0',
  `member_id` int(10) NOT NULL DEFAULT 0,
  `admin_sess` tinyint(1) NOT NULL DEFAULT 0,
  `ip_address` varchar(45) COLLATE utf8mb4_unicode_ci NOT NULL DEFAULT '0',
  `user_agent` varchar(120) COLLATE utf8mb4_unicode_ci NOT NULL,
  `login_state` varchar(32) COLLATE utf8mb4_unicode_ci DEFAULT NULL,
  `fingerprint` varchar(40) COLLATE utf8mb4_unicode_ci NOT NULL,
  `sess_start` int(10) unsigned NOT NULL DEFAULT 0,
  `auth_timeout` int(10) unsigned NOT NULL DEFAULT 0,
  `last_activity` int(10) unsigned NOT NULL DEFAULT 0,
  `can_debug` char(1) COLLATE utf8mb4_unicode_ci NOT NULL DEFAULT 'n',
  `mfa_flag` enum('skip','show','required') COLLATE utf8mb4_unicode_ci NOT NULL DEFAULT 'skip',
  PRIMARY KEY (`session_id`),
  KEY `member_id` (`member_id`),
  KEY `last_activity_idx` (`last_activity`)
) ENGINE=InnoDB DEFAULT CHARSET=utf8mb4 COLLATE=utf8mb4_unicode_ci;

CREATE TABLE `exp_sites` (
  `site_id` int(5) unsigned NOT NULL AUTO_INCREMENT,
  `site_label` varchar(100) COLLATE utf8mb4_unicode_ci NOT NULL DEFAULT '',
  `site_name` varchar(50) COLLATE utf8mb4_unicode_ci NOT NULL DEFAULT '',
  `site_description` text COLLATE utf8mb4_unicode_ci DEFAULT NULL,
  `site_bootstrap_checksums` text COLLATE utf8mb4_unicode_ci NOT NULL,
  `site_pages` mediumtext COLLATE utf8mb4_unicode_ci NOT NULL,
  PRIMARY KEY (`site_id`),
  KEY `site_name` (`site_name`)
) ENGINE=InnoDB AUTO_INCREMENT=2 DEFAULT CHARSET=utf8mb4 COLLATE=utf8mb4_unicode_ci;

CREATE TABLE `exp_snippets` (
  `snippet_id` int(10) unsigned NOT NULL AUTO_INCREMENT,
  `site_id` int(4) NOT NULL,
  `snippet_name` varchar(75) COLLATE utf8mb4_unicode_ci NOT NULL,
  `snippet_contents` text COLLATE utf8mb4_unicode_ci DEFAULT NULL,
  `edit_date` int(10) NOT NULL DEFAULT 0,
  PRIMARY KEY (`snippet_id`),
  KEY `site_id` (`site_id`)
) ENGINE=InnoDB AUTO_INCREMENT=5 DEFAULT CHARSET=utf8mb4 COLLATE=utf8mb4_unicode_ci;

CREATE TABLE `exp_specialty_templates` (
  `template_id` int(6) unsigned NOT NULL AUTO_INCREMENT,
  `site_id` int(4) unsigned NOT NULL DEFAULT 1,
  `enable_template` char(1) COLLATE utf8mb4_unicode_ci NOT NULL DEFAULT 'y',
  `template_name` varchar(50) COLLATE utf8mb4_unicode_ci NOT NULL,
  `data_title` varchar(80) COLLATE utf8mb4_unicode_ci NOT NULL,
  `template_type` varchar(16) COLLATE utf8mb4_unicode_ci DEFAULT NULL,
  `template_subtype` varchar(16) COLLATE utf8mb4_unicode_ci DEFAULT NULL,
  `template_data` text COLLATE utf8mb4_unicode_ci NOT NULL,
  `template_notes` text COLLATE utf8mb4_unicode_ci DEFAULT NULL,
  `edit_date` int(10) NOT NULL DEFAULT 0,
  `last_author_id` int(10) unsigned NOT NULL DEFAULT 0,
  PRIMARY KEY (`template_id`),
  KEY `template_name` (`template_name`),
  KEY `site_id` (`site_id`)
) ENGINE=InnoDB AUTO_INCREMENT=19 DEFAULT CHARSET=utf8mb4 COLLATE=utf8mb4_unicode_ci;

CREATE TABLE `exp_stats` (
  `stat_id` int(10) unsigned NOT NULL AUTO_INCREMENT,
  `site_id` int(4) unsigned NOT NULL DEFAULT 1,
  `total_members` mediumint(7) NOT NULL DEFAULT 0,
  `recent_member_id` int(10) NOT NULL DEFAULT 0,
  `recent_member` varchar(75) COLLATE utf8mb4_unicode_ci NOT NULL,
  `total_entries` mediumint(8) NOT NULL DEFAULT 0,
  `total_forum_topics` mediumint(8) NOT NULL DEFAULT 0,
  `total_forum_posts` mediumint(8) NOT NULL DEFAULT 0,
  `total_comments` mediumint(8) NOT NULL DEFAULT 0,
  `last_entry_date` int(10) unsigned NOT NULL DEFAULT 0,
  `last_forum_post_date` int(10) unsigned NOT NULL DEFAULT 0,
  `last_comment_date` int(10) unsigned NOT NULL DEFAULT 0,
  `last_visitor_date` int(10) unsigned NOT NULL DEFAULT 0,
  `most_visitors` mediumint(7) NOT NULL DEFAULT 0,
  `most_visitor_date` int(10) unsigned NOT NULL DEFAULT 0,
  `last_cache_clear` int(10) unsigned NOT NULL DEFAULT 0,
  PRIMARY KEY (`stat_id`),
  KEY `site_id` (`site_id`)
) ENGINE=InnoDB AUTO_INCREMENT=2 DEFAULT CHARSET=utf8mb4 COLLATE=utf8mb4_unicode_ci;

CREATE TABLE `exp_statuses` (
  `status_id` int(6) unsigned NOT NULL AUTO_INCREMENT,
  `status` varchar(50) COLLATE utf8mb4_unicode_ci NOT NULL,
  `status_order` int(3) unsigned NOT NULL,
  `highlight` varchar(30) COLLATE utf8mb4_unicode_ci NOT NULL DEFAULT '000000',
  PRIMARY KEY (`status_id`)
) ENGINE=InnoDB AUTO_INCREMENT=3 DEFAULT CHARSET=utf8mb4 COLLATE=utf8mb4_unicode_ci;

CREATE TABLE `exp_statuses_roles` (
  `role_id` int(10) unsigned NOT NULL,
  `status_id` int(6) unsigned NOT NULL,
  PRIMARY KEY (`status_id`,`role_id`)
) ENGINE=InnoDB DEFAULT CHARSET=utf8mb4 COLLATE=utf8mb4_unicode_ci;

CREATE TABLE `exp_template_groups` (
  `group_id` int(6) unsigned NOT NULL AUTO_INCREMENT,
  `site_id` int(4) unsigned NOT NULL DEFAULT 1,
  `group_name` varchar(50) COLLATE utf8mb4_unicode_ci NOT NULL,
  `group_order` int(3) unsigned NOT NULL,
  `is_site_default` char(1) COLLATE utf8mb4_unicode_ci NOT NULL DEFAULT 'n',
  PRIMARY KEY (`group_id`),
  KEY `site_id` (`site_id`),
  KEY `group_name_idx` (`group_name`),
  KEY `group_order_idx` (`group_order`)
) ENGINE=InnoDB AUTO_INCREMENT=5 DEFAULT CHARSET=utf8mb4 COLLATE=utf8mb4_unicode_ci;

CREATE TABLE `exp_template_groups_roles` (
  `role_id` int(10) unsigned NOT NULL,
  `template_group_id` mediumint(5) unsigned NOT NULL,
  PRIMARY KEY (`role_id`,`template_group_id`)
) ENGINE=InnoDB DEFAULT CHARSET=utf8mb4 COLLATE=utf8mb4_unicode_ci;

CREATE TABLE `exp_template_routes` (
  `route_id` int(10) unsigned NOT NULL AUTO_INCREMENT,
  `template_id` int(10) unsigned NOT NULL,
  `order` int(10) unsigned DEFAULT NULL,
  `route` varchar(512) COLLATE utf8mb4_unicode_ci DEFAULT NULL,
  `route_parsed` varchar(512) COLLATE utf8mb4_unicode_ci DEFAULT NULL,
  `route_required` char(1) COLLATE utf8mb4_unicode_ci NOT NULL DEFAULT 'n',
  PRIMARY KEY (`route_id`),
  KEY `template_id` (`template_id`)
) ENGINE=InnoDB DEFAULT CHARSET=utf8mb4 COLLATE=utf8mb4_unicode_ci;

CREATE TABLE `exp_templates` (
  `template_id` int(10) unsigned NOT NULL AUTO_INCREMENT,
  `site_id` int(4) unsigned NOT NULL DEFAULT 1,
  `group_id` int(6) unsigned NOT NULL,
  `template_name` varchar(50) COLLATE utf8mb4_unicode_ci NOT NULL,
  `template_type` varchar(16) COLLATE utf8mb4_unicode_ci NOT NULL DEFAULT 'webpage',
  `template_data` mediumtext COLLATE utf8mb4_unicode_ci DEFAULT NULL,
  `template_notes` text COLLATE utf8mb4_unicode_ci DEFAULT NULL,
  `edit_date` int(10) NOT NULL DEFAULT 0,
  `last_author_id` int(10) unsigned NOT NULL DEFAULT 0,
  `cache` char(1) COLLATE utf8mb4_unicode_ci NOT NULL DEFAULT 'n',
  `refresh` int(6) unsigned NOT NULL DEFAULT 0,
  `no_auth_bounce` varchar(50) COLLATE utf8mb4_unicode_ci NOT NULL DEFAULT '',
  `enable_http_auth` char(1) COLLATE utf8mb4_unicode_ci NOT NULL DEFAULT 'n',
  `allow_php` char(1) COLLATE utf8mb4_unicode_ci NOT NULL DEFAULT 'n',
  `php_parse_location` char(1) COLLATE utf8mb4_unicode_ci NOT NULL DEFAULT 'o',
  `hits` int(10) unsigned NOT NULL DEFAULT 0,
  `protect_javascript` char(1) COLLATE utf8mb4_unicode_ci NOT NULL DEFAULT 'n',
  `enable_frontedit` char(1) COLLATE utf8mb4_unicode_ci NOT NULL DEFAULT 'y',
  PRIMARY KEY (`template_id`),
  KEY `group_id` (`group_id`),
  KEY `template_name` (`template_name`),
  KEY `site_id` (`site_id`)
) ENGINE=InnoDB AUTO_INCREMENT=6 DEFAULT CHARSET=utf8mb4 COLLATE=utf8mb4_unicode_ci;

CREATE TABLE `exp_templates_roles` (
  `role_id` int(10) unsigned NOT NULL,
  `template_id` int(10) unsigned NOT NULL,
  PRIMARY KEY (`template_id`,`role_id`)
) ENGINE=InnoDB DEFAULT CHARSET=utf8mb4 COLLATE=utf8mb4_unicode_ci;

CREATE TABLE `exp_throttle` (
  `throttle_id` int(10) unsigned NOT NULL AUTO_INCREMENT,
  `ip_address` varchar(45) COLLATE utf8mb4_unicode_ci NOT NULL DEFAULT '0',
  `last_activity` int(10) unsigned NOT NULL DEFAULT 0,
  `hits` int(10) unsigned NOT NULL,
  `locked_out` char(1) COLLATE utf8mb4_unicode_ci NOT NULL DEFAULT 'n',
  PRIMARY KEY (`throttle_id`),
  KEY `ip_address` (`ip_address`),
  KEY `last_activity` (`last_activity`)
) ENGINE=InnoDB DEFAULT CHARSET=utf8mb4 COLLATE=utf8mb4_unicode_ci;

CREATE TABLE `exp_update_log` (
  `log_id` int(10) unsigned NOT NULL AUTO_INCREMENT,
  `timestamp` int(10) unsigned DEFAULT NULL,
  `message` text COLLATE utf8mb4_unicode_ci DEFAULT NULL,
  `method` varchar(100) COLLATE utf8mb4_unicode_ci DEFAULT NULL,
  `line` int(10) unsigned DEFAULT NULL,
  `file` varchar(255) COLLATE utf8mb4_unicode_ci DEFAULT NULL,
  PRIMARY KEY (`log_id`)
) ENGINE=InnoDB AUTO_INCREMENT=3 DEFAULT CHARSET=utf8mb4 COLLATE=utf8mb4_unicode_ci;

CREATE TABLE `exp_upload_prefs` (
  `id` int(4) unsigned NOT NULL AUTO_INCREMENT,
  `site_id` int(4) unsigned NOT NULL DEFAULT 1,
  `name` varchar(50) COLLATE utf8mb4_unicode_ci NOT NULL,
  `server_path` varchar(255) COLLATE utf8mb4_unicode_ci NOT NULL DEFAULT '',
  `url` varchar(100) COLLATE utf8mb4_unicode_ci NOT NULL,
  `allowed_types` varchar(3) COLLATE utf8mb4_unicode_ci NOT NULL DEFAULT 'img',
  `default_modal_view` varchar(5) COLLATE utf8mb4_unicode_ci NOT NULL DEFAULT 'list',
  `max_size` varchar(16) COLLATE utf8mb4_unicode_ci DEFAULT NULL,
  `max_height` varchar(6) COLLATE utf8mb4_unicode_ci DEFAULT NULL,
  `max_width` varchar(6) COLLATE utf8mb4_unicode_ci DEFAULT NULL,
  `properties` varchar(120) COLLATE utf8mb4_unicode_ci DEFAULT NULL,
  `pre_format` varchar(120) COLLATE utf8mb4_unicode_ci DEFAULT NULL,
  `post_format` varchar(120) COLLATE utf8mb4_unicode_ci DEFAULT NULL,
  `file_properties` varchar(120) COLLATE utf8mb4_unicode_ci DEFAULT NULL,
  `file_pre_format` varchar(120) COLLATE utf8mb4_unicode_ci DEFAULT NULL,
  `file_post_format` varchar(120) COLLATE utf8mb4_unicode_ci DEFAULT NULL,
  `cat_group` varchar(255) COLLATE utf8mb4_unicode_ci DEFAULT NULL,
  `batch_location` varchar(255) COLLATE utf8mb4_unicode_ci DEFAULT NULL,
  `module_id` int(4) NOT NULL DEFAULT 0,
  PRIMARY KEY (`id`),
  KEY `site_id` (`site_id`)
) ENGINE=InnoDB AUTO_INCREMENT=6 DEFAULT CHARSET=utf8mb4 COLLATE=utf8mb4_unicode_ci;

CREATE TABLE `exp_upload_prefs_roles` (
  `role_id` int(10) unsigned NOT NULL,
  `upload_id` int(4) unsigned NOT NULL,
  PRIMARY KEY (`upload_id`,`role_id`)
) ENGINE=InnoDB DEFAULT CHARSET=utf8mb4 COLLATE=utf8mb4_unicode_ci;

INSERT INTO `exp_actions` (`action_id`, `class`, `method`, `csrf_exempt`) VALUES 
	(1, 'Channel', 'submit_entry', 0),
	(2, 'Channel', 'smiley_pop', 0),
	(3, 'Channel', 'combo_loader', 0),
	(4, 'Channel', 'live_preview', 1),
	(5, 'Comment', 'insert_new_comment', 0),
	(6, 'Comment_mcp', 'delete_comment_notification', 0),
	(7, 'Comment', 'comment_subscribe', 0),
	(8, 'Comment', 'edit_comment', 0),
	(9, 'Consent', 'grantConsent', 0),
	(10, 'Consent', 'submitConsent', 0),
	(11, 'Consent', 'withdrawConsent', 0),
	(12, 'Member', 'registration_form', 0),
	(13, 'Member', 'register_member', 0),
	(14, 'Member', 'activate_member', 0),
	(15, 'Member', 'member_login', 0),
	(16, 'Member', 'member_logout', 0),
	(17, 'Member', 'send_reset_token', 0),
	(18, 'Member', 'process_reset_password', 0),
	(19, 'Member', 'send_member_email', 0),
	(20, 'Member', 'update_un_pw', 0),
	(21, 'Member', 'do_member_search', 0),
	(22, 'Member', 'member_delete', 0),
	(23, 'Member', 'send_username', 0),
	(24, 'Member', 'update_profile', 0),
	(25, 'Member', 'upload_avatar', 0),
	(26, 'Member', 'recaptcha_check', 1),
	(27, 'Member', 'validate', 0),
	(28, 'Rte', 'pages_autocomplete', 0),
	(29, 'File', 'addonIcon', 1),
	(30, 'Relationship', 'entryList', 0),
	(31, 'Search', 'do_search', 1),
	(32, 'Cartthrob_seeder', 'proc_seed_action', 0),
	(33, 'Cartthrob_seeder', 'proc_cleanup_action', 0),
	(34, 'Bones', 'entries', 1),
	(35, 'Bones', 'categories', 1),
	(36, 'Pro', 'setCookie', 0),
	(37, 'Pro', 'qrCode', 0),
	(38, 'Pro', 'validateMfa', 0),
	(39, 'Pro', 'invokeMfa', 0),
	(40, 'Pro', 'enableMfa', 0),
	(41, 'Pro', 'disableMfa', 0),
	(42, 'Pro', 'resetMfa', 0);

INSERT INTO `exp_bones_settings` (`setting_id`, `site_id`, `key`, `value`) VALUES 
	(1, 1, 'active', 'y'),
	(2, 1, 'use_api_key', 'n'),
	(3, 1, 'api_key', '');

INSERT INTO `exp_categories` (`cat_id`, `site_id`, `group_id`, `parent_id`, `cat_name`, `cat_url_title`, `cat_description`, `cat_image`, `cat_order`) VALUES 
	(1, 1, 2, 0, 'Blue', 'blue', '', '', 1),
	(2, 1, 2, 0, 'Orange', 'orange', '', '', 2),
	(3, 1, 2, 0, 'Gray', 'gray', '', '', 3),
	(4, 1, 2, 0, 'Red', 'red', '', '', 4),
	(5, 1, 2, 0, 'Green', 'green', '', '', 5),
	(6, 1, 2, 0, 'Pink', 'pink', '', '', 6),
	(7, 1, 2, 0, 'Yellow', 'yellow', '', '', 7),
	(8, 1, 2, 0, 'Dark Gray', 'dark-gray', '', '', 8),
	(9, 1, 1, 0, 'Shirts', 'shirts', '', '{filedir_5}shirt.jpg', 1),
	(10, 1, 1, 0, 'Active', 'active', '', '{filedir_5}active.jpg', 2),
	(11, 1, 1, 0, 'T-Shirts & Tanks', 't-shirts-tanks', '', '{filedir_5}t-shirt.jpg', 3),
	(12, 1, 1, 0, 'Jackets & Coats', 'jackets-coats', '', '{filedir_5}jacket.jpg', 4),
	(13, 1, 1, 0, 'Socks & Hosiery', 'socks-hosiery', '', '{filedir_5}socks.jpg', 5),
	(14, 1, 1, 0, 'Fashion Hoodies & Sweatshirts', 'fashion-hoodies-sweatshirts', '', '{filedir_5}fashion-hoodie.jpg', 6),
	(15, 1, 1, 0, 'Jeans', 'jeans', '', '{filedir_5}jeans.jpg', 7),
	(16, 1, 1, 0, 'Pants', 'pants', '', '{filedir_5}panets.jpg', 8),
	(17, 1, 1, 0, 'Sleep & Lounge', 'sleep-lounge', '', '{filedir_5}sleep.jpg', 9),
	(18, 1, 1, 0, 'Suits & Sport Coats', 'suits-sport-coats', '', '{filedir_5}suits.jpg', 10),
	(19, 1, 1, 0, 'Swim', 'swim', '', '{filedir_5}swim.jpg', 11),
	(20, 1, 1, 0, 'Sweaters', 'sweaters', '', '{filedir_5}sweaters.jpg', 12),
	(21, 1, 1, 0, 'Shorts', 'shorts', '', '{filedir_5}shorts.jpg', 13),
	(22, 1, 3, 0, 'Same Day Shipping', 'same-day-shipping', '', '', 1),
	(23, 1, 3, 0, '3 Day Shipping', '3-day-shipping', '', '', 2),
	(24, 1, 4, 0, 'Small', 'small', '', '', 1),
	(25, 1, 4, 0, 'Medium', 'medium', '', '', 2),
	(26, 1, 4, 0, 'Large', 'large', '', '', 3),
	(27, 1, 4, 0, 'X-Large', 'x-large', '', '', 4),
	(28, 1, 4, 0, '2XL', '2xl', '', '', 5);

INSERT INTO `exp_category_field_data` (`cat_id`, `site_id`, `group_id`) VALUES 
	(1, 1, 2),
	(2, 1, 2),
	(3, 1, 2),
	(4, 1, 2),
	(5, 1, 2),
	(6, 1, 2),
	(7, 1, 2),
	(8, 1, 2),
	(9, 1, 1),
	(10, 1, 1),
	(11, 1, 1),
	(12, 1, 1),
	(13, 1, 1),
	(14, 1, 1),
	(15, 1, 1),
	(16, 1, 1),
	(17, 1, 1),
	(18, 1, 1),
	(19, 1, 1),
	(20, 1, 1),
	(21, 1, 1),
	(22, 1, 3),
	(23, 1, 3),
	(24, 1, 4),
	(25, 1, 4),
	(26, 1, 4),
	(27, 1, 4),
	(28, 1, 4);

INSERT INTO `exp_category_field_data_field_1` (`id`, `cat_id`, `field_id_1`, `field_ft_1`) VALUES 
	(1, 1, 'bg-blue-300', 'none'),
	(2, 2, 'bg-orange-300', 'none'),
	(3, 3, 'bg-gray-900', 'none'),
	(4, 4, 'bg-red-300', 'none'),
	(5, 5, 'bg-green-300', 'none'),
	(6, 6, 'bg-pink-300', 'none'),
	(7, 7, 'bg-yellow-300', 'none'),
	(8, 8, 'bg-gray-100', 'none');

INSERT INTO `exp_category_fields` (`field_id`, `site_id`, `group_id`, `field_name`, `field_label`, `field_type`, `field_list_items`, `field_maxl`, `field_ta_rows`, `field_default_fmt`, `field_show_fmt`, `field_text_direction`, `field_required`, `field_order`, `field_settings`, `legacy_field_data`) VALUES 
	(1, 1, 2, 'color_code', 'Color Code', 'text', '', 0, 8, 'none', 'n', 'ltr', 'y', 1, '{\"field_maxl\":\"0\",\"field_content_type\":\"\",\"field_show_smileys\":\"n\",\"field_show_file_selector\":\"n\"}', 'n');

INSERT INTO `exp_category_groups` (`group_id`, `site_id`, `group_name`, `sort_order`, `exclude_group`, `field_html_formatting`, `can_edit_categories`, `can_delete_categories`) VALUES 
	(1, 1, 'Main Category', 'a', 0, 'all', '', ''),
	(2, 1, 'Colors', 'a', 0, 'all', '', ''),
	(3, 1, 'Shipping Availability', 'a', 0, 'all', '', ''),
	(4, 1, 'Size', 'a', 0, 'all', '', '');

INSERT INTO `exp_category_posts` (`entry_id`, `cat_id`) VALUES 
	(1, 1),
	(1, 9),
	(1, 24),
	(1, 25),
	(1, 26),
	(1, 27),
	(1, 28),
	(2, 4),
	(2, 9),
	(2, 24),
	(2, 25),
	(2, 26),
	(2, 27),
	(2, 28),
	(3, 3),
	(3, 8),
	(3, 12),
	(3, 25),
	(3, 28),
	(4, 15),
	(4, 16),
	(4, 25),
	(4, 26);

INSERT INTO `exp_channel_data` (`entry_id`, `site_id`, `channel_id`) VALUES 
	(1, 1, 2),
	(2, 1, 2),
	(3, 1, 2),
	(4, 1, 2);

INSERT INTO `exp_channel_data_field_1` (`id`, `entry_id`, `field_id_1`, `field_ft_1`) VALUES 
	(1, 1, 'It\'s a shirt that is blue', 'none'),
	(2, 2, 'It\'s a shirt that is red', 'none'),
	(3, 3, 'It\'s like a blue jacket, but grey', 'none'),
	(4, 4, 'Pants made of denim', 'none');

INSERT INTO `exp_channel_data_field_2` (`id`, `entry_id`, `field_id_2`, `field_ft_2`) VALUES 
	(1, 1, 23.0000, 'none'),
	(2, 2, 21.0000, 'none'),
	(3, 3, 77.0000, 'none'),
	(4, 4, 99.0000, 'none');

INSERT INTO `exp_channel_data_field_3` (`id`, `entry_id`, `field_id_3`, `field_ft_3`) VALUES 
	(1, 1, '{filedir_5}B1EryObaEWS._CLa_2140,2000_514a1Ax0+hL_.png_0,0,2140,2000+0_.0,0_.0,2140_.0,2000_.0_AC_UX522__.jpeg', 'none'),
	(2, 2, '{filedir_5}RedSHirtback_1024x1024.jpg', 'none'),
	(3, 3, '{filedir_5}harrington-jacket-sweatshirt-chinos-large-76747.jpg', 'none'),
	(4, 4, '{filedir_5}g-star-raw-3301-slim-jeans-black.jpg', 'none');

INSERT INTO `exp_channel_data_field_4` (`id`, `entry_id`, `field_id_4`, `field_ft_4`) VALUES 
	(1, 1, 3, 'none'),
	(2, 2, 3, 'none'),
	(3, 3, 2, 'none'),
	(4, 4, 0, 'none');

INSERT INTO `exp_channel_data_field_5` (`id`, `entry_id`, `field_id_5`, `field_ft_5`) VALUES 
	(1, 1, NULL, 'xhtml'),
	(2, 2, NULL, 'xhtml'),
	(3, 3, NULL, 'xhtml'),
	(4, 4, NULL, 'xhtml');

INSERT INTO `exp_channel_entries_autosave` (`entry_id`, `original_entry_id`, `site_id`, `channel_id`, `author_id`, `forum_topic_id`, `ip_address`, `title`, `url_title`, `status`, `versioning_enabled`, `view_count_one`, `view_count_two`, `view_count_three`, `view_count_four`, `allow_comments`, `sticky`, `entry_date`, `year`, `month`, `day`, `expiration_date`, `comment_expiration_date`, `edit_date`, `recent_comment_date`, `comment_total`, `entry_data`) VALUES 
	(1, 0, 1, 2, 1, NULL, '0', 'Black Jeans', 'black-jeans', 'open', 'n', 0, 0, 0, 0, 'y', 'n', 0, '0', '0', '0', 0, 0, 1646325918, NULL, 0, '{\"title\":\"Black Jeans\",\"url_title\":\"black-jeans\",\"field_id_1\":\"Pants made of denim\",\"field_id_2\":\"9\",\"field_id_3\":\"\",\"field_id_4\":\"\",\"entry_date\":\"3\\/3\\/2022 11:45 AM\",\"expiration_date\":\"\",\"categories\":{\"cat_group_id_1\":[\"\"],\"cat_group_id_2\":[\"\"],\"cat_group_id_3\":[\"\"],\"cat_group_id_4\":[\"\"]},\"channel_id\":\"2\",\"status\":\"open\",\"author_id\":\"1\"}');

INSERT INTO `exp_channel_field_groups_fields` (`field_id`, `group_id`) VALUES 
	(1, 1),
	(1, 2),
	(2, 1),
	(3, 1),
	(4, 1),
	(5, 1);

INSERT INTO `exp_channel_fields` (`field_id`, `site_id`, `field_name`, `field_label`, `field_instructions`, `field_type`, `field_list_items`, `field_pre_populate`, `field_pre_channel_id`, `field_pre_field_id`, `field_ta_rows`, `field_maxl`, `field_required`, `field_text_direction`, `field_search`, `field_is_hidden`, `field_fmt`, `field_show_fmt`, `field_order`, `field_content_type`, `field_settings`, `legacy_field_data`, `enable_frontedit`) VALUES 
	(1, 0, 'description', 'Description', '', 'textarea', '', 'n', NULL, NULL, 0, NULL, 'n', 'ltr', 'n', 'n', 'none', 'n', 1, 'any', 'YTo0OntzOjI0OiJmaWVsZF9zaG93X2ZpbGVfc2VsZWN0b3IiO3M6MDoiIjtzOjE0OiJkYl9jb2x1bW5fdHlwZSI7czo0OiJ0ZXh0IjtzOjE4OiJmaWVsZF9zaG93X3NtaWxleXMiO3M6MToibiI7czoyNjoiZmllbGRfc2hvd19mb3JtYXR0aW5nX2J0bnMiO3M6MDoiIjt9', 'n', 'y'),
	(2, 0, 'price', 'Price', '', 'text', '', 'n', NULL, NULL, 8, 0, 'n', 'ltr', 'n', 'n', 'none', 'n', 2, 'decimal', 'YTo0OntzOjEwOiJmaWVsZF9tYXhsIjtzOjE6IjAiO3M6MTg6ImZpZWxkX2NvbnRlbnRfdHlwZSI7czo3OiJkZWNpbWFsIjtzOjE4OiJmaWVsZF9zaG93X3NtaWxleXMiO3M6MToibiI7czoyNDoiZmllbGRfc2hvd19maWxlX3NlbGVjdG9yIjtzOjA6IiI7fQ==', 'n', 'y'),
	(3, 0, 'featured_image', 'Featured Image', '', 'file', '', 'n', NULL, NULL, 8, NULL, 'n', 'ltr', 'n', 'n', 'none', 'y', 3, 'image', 'YTo1OntzOjE4OiJmaWVsZF9jb250ZW50X3R5cGUiO3M6NToiaW1hZ2UiO3M6MTk6ImFsbG93ZWRfZGlyZWN0b3JpZXMiO3M6MToiNSI7czoxMzoic2hvd19leGlzdGluZyI7czoxOiJ5IjtzOjEyOiJudW1fZXhpc3RpbmciO3M6MjoiNTAiO3M6OToiZmllbGRfZm10IjtzOjQ6Im5vbmUiO30=', 'n', 'y'),
	(4, 0, 'inventory', 'Inventory', '', 'text', '', 'n', NULL, NULL, 8, 0, 'n', 'ltr', 'n', 'n', 'none', 'n', 4, 'numeric', 'YTo0OntzOjEwOiJmaWVsZF9tYXhsIjtzOjE6IjAiO3M6MTg6ImZpZWxkX2NvbnRlbnRfdHlwZSI7czo3OiJudW1lcmljIjtzOjE4OiJmaWVsZF9zaG93X3NtaWxleXMiO3M6MToibiI7czoyNDoiZmllbGRfc2hvd19maWxlX3NlbGVjdG9yIjtzOjA6IiI7fQ==', 'n', 'y'),
	(5, 0, 'brand', 'Brand', '', 'relationship', '', 'n', NULL, NULL, 8, NULL, 'n', 'ltr', 'n', 'n', 'xhtml', 'y', 5, 'any', 'YToxMzp7czo4OiJjaGFubmVscyI7YToxOntpOjA7czoxOiIxIjt9czo3OiJleHBpcmVkIjtzOjA6IiI7czo2OiJmdXR1cmUiO3M6MDoiIjtzOjEwOiJjYXRlZ29yaWVzIjthOjA6e31zOjc6ImF1dGhvcnMiO2E6MDp7fXM6ODoic3RhdHVzZXMiO2E6MDp7fXM6NToibGltaXQiO3M6MzoiMTAwIjtzOjExOiJvcmRlcl9maWVsZCI7czo1OiJ0aXRsZSI7czo5OiJvcmRlcl9kaXIiO3M6MzoiYXNjIjtzOjE2OiJkaXNwbGF5X2VudHJ5X2lkIjtiOjE7czoxNDoiYWxsb3dfbXVsdGlwbGUiO2I6MDtzOjc6InJlbF9taW4iO2k6MDtzOjc6InJlbF9tYXgiO3M6MDoiIjt9', 'n', 'y');

INSERT INTO `exp_channel_form_settings` (`channel_form_settings_id`, `site_id`, `channel_id`, `default_status`, `allow_guest_posts`, `default_author`) VALUES 
	(1, 1, 1, '', 'n', 1),
	(2, 1, 2, '', 'n', 1);

INSERT INTO `exp_channel_titles` (`entry_id`, `site_id`, `channel_id`, `author_id`, `forum_topic_id`, `ip_address`, `title`, `url_title`, `status`, `status_id`, `versioning_enabled`, `view_count_one`, `view_count_two`, `view_count_three`, `view_count_four`, `allow_comments`, `sticky`, `entry_date`, `year`, `month`, `day`, `expiration_date`, `comment_expiration_date`, `edit_date`, `recent_comment_date`, `comment_total`) VALUES 
	(1, 1, 2, 1, NULL, '127.0.0.1', 'Blue Shirt', 'blue-shirt', 'open', 1, 'n', 0, 0, 0, 0, 'y', 'n', 1646319660, '2022', '03', '03', 0, 0, 1646319783, NULL, 0),
	(2, 1, 2, 1, NULL, '127.0.0.1', 'Red Shirt', 'red-shirt', 'open', 1, 'n', 0, 0, 0, 0, 'y', 'n', 1646319780, '2022', '03', '03', 0, 0, 1646325285, 0, 0),
	(3, 1, 2, 1, NULL, '127.0.0.1', 'Grey Jacket', 'grey-jacket', 'open', 1, 'n', 0, 0, 0, 0, 'y', 'n', 1646325840, '2022', '03', '03', 0, 0, 1646325969, NULL, 0),
	(4, 1, 2, 1, NULL, '127.0.0.1', 'Black Jeans', 'black-jeans', 'open', 1, 'n', 0, 0, 0, 0, 'y', 'n', 1646325900, '2022', '03', '03', 0, 0, 1646325955, NULL, 0);

INSERT INTO `exp_channels` (`channel_id`, `site_id`, `channel_name`, `channel_title`, `channel_url`, `channel_description`, `channel_lang`, `total_entries`, `total_records`, `total_comments`, `last_entry_date`, `last_comment_date`, `cat_group`, `deft_status`, `search_excerpt`, `deft_category`, `deft_comments`, `channel_require_membership`, `channel_max_chars`, `channel_html_formatting`, `channel_allow_img_urls`, `channel_auto_link_urls`, `channel_notify`, `channel_notify_emails`, `sticky_enabled`, `enable_entry_cloning`, `comment_url`, `comment_system_enabled`, `comment_require_membership`, `comment_moderate`, `comment_max_chars`, `comment_timelock`, `comment_require_email`, `comment_text_formatting`, `comment_html_formatting`, `comment_allow_img_urls`, `comment_auto_link_urls`, `comment_notify`, `comment_notify_authors`, `comment_notify_emails`, `comment_expiration`, `search_results_url`, `rss_url`, `enable_versioning`, `max_revisions`, `default_entry_title`, `title_field_label`, `url_title_prefix`, `preview_url`, `allow_preview`, `max_entries`) VALUES 
	(1, 1, 'brand', 'Brand', 'https://bones-decoupled-example.test/index.php', '', 'en', 0, 0, 0, 0, 0, '', 'open', NULL, '', 'y', 'y', NULL, 'all', 'y', 'n', 'n', '', 'n', 'y', '', 'y', 'n', 'n', 5000, 0, 'y', 'xhtml', 'safe', 'n', 'y', 'n', 'n', '', 0, '', '', 'n', 10, '', 'Title', '', '', 'y', 0),
	(2, 1, 'product', 'Product', 'https://bones-decoupled-example.test/index.php', '', 'en', 4, 4, 0, 1646325900, 0, '2|1|3|4', 'open', 1, '', 'y', 'y', NULL, 'all', 'y', 'n', 'n', '', 'n', 'y', '', 'y', 'n', 'n', 5000, 0, 'y', 'xhtml', 'safe', 'n', 'y', 'n', 'n', '', 0, '', '', 'n', 10, '', 'Title', '', '', 'y', 0);

INSERT INTO `exp_channels_channel_field_groups` (`channel_id`, `group_id`) VALUES 
	(1, 2),
	(2, 1);

INSERT INTO `exp_channels_statuses` (`channel_id`, `status_id`) VALUES 
	(1, 1),
	(1, 2),
	(2, 1),
	(2, 2);

INSERT INTO `exp_config` (`config_id`, `site_id`, `key`, `value`) VALUES 
	(1, 1, 'is_site_on', 'y'),
	(2, 1, 'base_url', 'https://bones-decoupled-example.test/'),
	(3, 1, 'base_path', '/home/doug/.config/composer/vendor/cpriego/valet-linux/s'),
	(4, 1, 'site_index', 'index.php'),
	(5, 1, 'site_url', '{base_url}'),
	(6, 1, 'cp_url', '{base_url}admin.php'),
	(7, 1, 'theme_folder_url', '{base_url}themes/'),
	(8, 1, 'theme_folder_path', '/'),
	(9, 1, 'webmaster_email', 'admin@bonesexample.com'),
	(10, 1, 'webmaster_name', ''),
	(11, 1, 'channel_nomenclature', 'channel'),
	(12, 1, 'max_caches', '150'),
	(13, 1, 'captcha_url', '{base_url}images/captchas/'),
	(14, 1, 'captcha_path', '/'),
	(15, 1, 'captcha_font', 'y'),
	(16, 1, 'captcha_rand', 'y'),
	(17, 1, 'captcha_require_members', 'n'),
	(18, 1, 'require_captcha', 'n'),
	(19, 1, 'enable_sql_caching', 'n'),
	(20, 1, 'force_query_string', 'n'),
	(21, 1, 'show_profiler', 'n'),
	(22, 1, 'include_seconds', 'n'),
	(23, 1, 'cookie_domain', ''),
	(24, 1, 'cookie_path', '/'),
	(25, 1, 'cookie_httponly', 'y'),
	(26, 1, 'website_session_type', 'c'),
	(27, 1, 'cp_session_type', 'c'),
	(28, 1, 'allow_username_change', 'y'),
	(29, 1, 'allow_multi_logins', 'y'),
	(30, 1, 'password_lockout', 'y'),
	(31, 1, 'password_lockout_interval', '1'),
	(32, 1, 'require_ip_for_login', 'y'),
	(33, 1, 'require_ip_for_posting', 'y'),
	(34, 1, 'password_security_policy', 'basic'),
	(35, 1, 'allow_dictionary_pw', 'y'),
	(36, 1, 'name_of_dictionary_file', 'dictionary.txt'),
	(37, 1, 'xss_clean_uploads', 'y'),
	(38, 1, 'redirect_method', 'redirect'),
	(39, 1, 'deft_lang', 'english'),
	(40, 1, 'xml_lang', 'en'),
	(41, 1, 'send_headers', 'y'),
	(42, 1, 'gzip_output', 'n'),
	(43, 1, 'default_site_timezone', 'America/New_York'),
	(44, 1, 'date_format', '%n/%j/%Y'),
	(45, 1, 'time_format', '12'),
	(46, 1, 'mail_protocol', 'mail'),
	(47, 1, 'email_newline', '\\n'),
	(48, 1, 'smtp_server', ''),
	(49, 1, 'smtp_username', ''),
	(50, 1, 'smtp_password', ''),
	(51, 1, 'email_smtp_crypto', 'ssl'),
	(52, 1, 'email_debug', 'n'),
	(53, 1, 'email_charset', 'utf-8'),
	(54, 1, 'email_batchmode', 'n'),
	(55, 1, 'email_batch_size', ''),
	(56, 1, 'mail_format', 'plain'),
	(57, 1, 'word_wrap', 'y'),
	(58, 1, 'email_console_timelock', '5'),
	(59, 1, 'log_email_console_msgs', 'y'),
	(60, 1, 'log_search_terms', 'y'),
	(61, 1, 'deny_duplicate_data', 'y'),
	(62, 1, 'redirect_submitted_links', 'n'),
	(63, 1, 'enable_censoring', 'n'),
	(64, 1, 'censored_words', ''),
	(65, 1, 'censor_replacement', ''),
	(66, 1, 'banned_ips', ''),
	(67, 1, 'banned_emails', ''),
	(68, 1, 'banned_usernames', ''),
	(69, 1, 'banned_screen_names', ''),
	(70, 1, 'ban_action', 'restrict'),
	(71, 1, 'ban_message', 'This site is currently unavailable'),
	(72, 1, 'ban_destination', 'http://www.yahoo.com/'),
	(73, 1, 'enable_emoticons', 'y'),
	(74, 1, 'emoticon_url', '{base_url}images/smileys/'),
	(75, 1, 'recount_batch_total', '1000'),
	(76, 1, 'new_version_check', 'y'),
	(77, 1, 'enable_throttling', 'n'),
	(78, 1, 'banish_masked_ips', 'y'),
	(79, 1, 'max_page_loads', '10'),
	(80, 1, 'time_interval', '8'),
	(81, 1, 'lockout_time', '30'),
	(82, 1, 'banishment_type', 'message'),
	(83, 1, 'banishment_url', ''),
	(84, 1, 'banishment_message', 'You have exceeded the allowed page load frequency.'),
	(85, 1, 'enable_search_log', 'y'),
	(86, 1, 'max_logged_searches', '500'),
	(87, 1, 'un_min_len', '4'),
	(88, 1, 'pw_min_len', '5'),
	(89, 1, 'allow_member_registration', 'n'),
	(90, 1, 'allow_member_localization', 'y'),
	(91, 1, 'req_mbr_activation', 'email'),
	(92, 1, 'new_member_notification', 'n'),
	(93, 1, 'mbr_notification_emails', ''),
	(94, 1, 'require_terms_of_service', 'y'),
	(95, 1, 'default_primary_role', '5'),
	(96, 1, 'profile_trigger', 'member1646306658'),
	(97, 1, 'member_theme', 'default'),
	(98, 1, 'avatar_url', '{base_url}images/avatars/'),
	(99, 1, 'avatar_path', '/'),
	(100, 1, 'avatar_max_width', '100'),
	(101, 1, 'avatar_max_height', '100'),
	(102, 1, 'avatar_max_kb', '50'),
	(103, 1, 'enable_photos', 'n'),
	(104, 1, 'photo_url', '{base_url}images/member_photos/'),
	(105, 1, 'photo_path', '/'),
	(106, 1, 'photo_max_width', '100'),
	(107, 1, 'photo_max_height', '100'),
	(108, 1, 'photo_max_kb', '50'),
	(109, 1, 'allow_signatures', 'y'),
	(110, 1, 'sig_maxlength', '500'),
	(111, 1, 'sig_allow_img_hotlink', 'n'),
	(112, 1, 'sig_allow_img_upload', 'n'),
	(113, 1, 'sig_img_url', '{base_url}images/signature_attachments/'),
	(114, 1, 'sig_img_path', '/'),
	(115, 1, 'sig_img_max_width', '480'),
	(116, 1, 'sig_img_max_height', '80'),
	(117, 1, 'sig_img_max_kb', '30'),
	(118, 1, 'prv_msg_enabled', 'y'),
	(119, 1, 'prv_msg_allow_attachments', 'y'),
	(120, 1, 'prv_msg_upload_path', '/'),
	(121, 1, 'prv_msg_max_attachments', '3'),
	(122, 1, 'prv_msg_attach_maxsize', '250'),
	(123, 1, 'prv_msg_attach_total', '100'),
	(124, 1, 'prv_msg_html_format', 'safe'),
	(125, 1, 'prv_msg_auto_links', 'y'),
	(126, 1, 'prv_msg_max_chars', '6000'),
	(127, 1, 'memberlist_order_by', 'member_id'),
	(128, 1, 'memberlist_sort_order', 'desc'),
	(129, 1, 'memberlist_row_limit', '20'),
	(130, 1, 'site_404', ''),
	(131, 1, 'save_tmpl_revisions', 'n'),
	(132, 1, 'max_tmpl_revisions', '5'),
	(133, 1, 'strict_urls', 'y'),
	(134, 1, 'enable_template_routes', 'y'),
	(135, 1, 'image_resize_protocol', 'gd2'),
	(136, 1, 'image_library_path', ''),
	(137, 1, 'thumbnail_prefix', 'thumb'),
	(138, 1, 'word_separator', 'dash'),
	(139, 1, 'use_category_name', 'n'),
	(140, 1, 'reserved_category_word', 'category'),
	(141, 1, 'auto_convert_high_ascii', 'n'),
	(142, 1, 'new_posts_clear_caches', 'y'),
	(143, 1, 'auto_assign_cat_parents', 'y'),
	(144, 0, 'cache_driver', 'file'),
	(145, 0, 'cookie_prefix', ''),
	(146, 0, 'debug', '1'),
	(147, 0, 'is_system_on', 'y'),
	(148, 0, 'cli_enabled', 'y'),
	(149, 1, 'site_license_key', ''),
	(150, 0, 'multiple_sites_enabled', 'n'),
	(151, 1, 'show_ee_news', 'y'),
	(152, 1, 'enable_dock', 'y'),
	(153, 1, 'enable_frontedit', 'y'),
	(154, 1, 'automatic_frontedit_links', 'y'),
	(155, 1, 'enable_mfa', 'y'),
	(156, 1, 'autosave_interval_seconds', '10');

INSERT INTO `exp_consent_request_versions` (`consent_request_version_id`, `consent_request_id`, `request`, `request_format`, `create_date`, `author_id`) VALUES 
	(1, 1, 'These cookies help us personalize content and functionality for you, including remembering changes you have made to parts of the website that you can customize, or selections for services made on previous visits. If you do not allow these cookies, some portions of our website may be less friendly and easy to use, forcing you to enter content or set your preferences on each visit.', 'none', 1646306658, 0),
	(2, 2, 'These cookies allow us measure how visitors use our website, which pages are popular, and what our traffic sources are. This helps us improve how our website works and make it easier for all visitors to find what they are looking for. The information is aggregated and anonymous, and cannot be used to identify you. If you do not allow these cookies, we will be unable to use your visits to our website to help make improvements.', 'none', 1646306658, 0),
	(3, 3, 'These cookies are usually placed by third-party advertising networks, which may use information about your website visits to develop a profile of your interests. This information may be shared with other advertisers and/or websites to deliver more relevant advertising to you across multiple websites. If you do not allow these cookies, visits to this website will not be shared with advertising partners and will not contribute to targeted advertising on other websites.', 'none', 1646306658, 0);

INSERT INTO `exp_consent_requests` (`consent_request_id`, `consent_request_version_id`, `user_created`, `title`, `consent_name`, `double_opt_in`, `retention_period`) VALUES 
	(1, 1, 'n', 'Functionality Cookies', 'ee:cookies_functionality', 'n', NULL),
	(2, 2, 'n', 'Performance Cookies', 'ee:cookies_performance', 'n', NULL),
	(3, 3, 'n', 'Targeting Cookies', 'ee:cookies_targeting', 'n', NULL);

INSERT INTO `exp_content_types` (`content_type_id`, `name`) VALUES 
	(2, 'channel'),
	(1, 'grid');

INSERT INTO `exp_cookie_settings` (`cookie_id`, `cookie_provider`, `cookie_name`, `cookie_lifetime`, `cookie_enforced_lifetime`, `cookie_title`, `cookie_description`) VALUES 
	(1, 'ee', 'csrf_token', 7200, NULL, 'CSRF Token', 'A security cookie used to identify the user and prevent Cross Site Request Forgery attacks.'),
	(2, 'ee', 'flash', 0, NULL, 'Flash data', 'User feedback messages, encrypted for security.'),
	(3, 'ee', 'remember', NULL, NULL, 'Remember Me', 'Determines whether a user is automatically logged in upon visiting the site.'),
	(4, 'ee', 'sessionid', 3600, NULL, 'Session ID', 'Session id, used to associate a logged in user with their data.'),
	(5, 'ee', 'visitor_consents', NULL, NULL, 'Visitor Consents', 'Saves responses to Consent requests for non-logged in visitors'),
	(6, 'ee', 'last_activity', NULL, NULL, 'Last Activity', 'Records the time of the last page load. Used in in calculating active sessions.'),
	(7, 'ee', 'last_visit', NULL, NULL, 'Last Visit', 'Date of the users last visit, based on the last_activity cookie. Can be shown as a statistic for members and used by forum and comments to show unread topics for both members and guests.'),
	(8, 'ee', 'anon', NULL, NULL, 'Anonymize', 'Determines whether the users username is displayed in the list of currently logged in members.'),
	(9, 'ee', 'tracker', 0, NULL, 'Tracker', 'Contains the last 5 pages viewed, encrypted for security. Typically used for form or error message returns.'),
	(10, 'cp', 'viewtype', NULL, NULL, 'Filemanager View Type', 'Determines View Type to be used in Filemanager (table or thumbs view)'),
	(11, 'cp', 'cp_last_site_id', NULL, NULL, 'CP Last Site ID', 'MSM cookie indicating the last site accessed in the control panel.'),
	(12, 'cp', 'ee_cp_viewmode', NULL, NULL, 'CP View Mode', 'Determines view mode for control panel.'),
	(13, 'cp', 'collapsed_nav', NULL, NULL, 'Collapsed Navigation', 'Determines whether navigation sidebar is control panel should be collapsed.'),
	(14, 'comment', 'my_email', NULL, NULL, 'My email', 'Email address specified when posting a comment.'),
	(15, 'comment', 'my_location', NULL, NULL, 'My location', 'Location specified when posting a comment.'),
	(16, 'comment', 'my_name', NULL, NULL, 'My name', 'Name specified when posting a comment.'),
	(17, 'comment', 'my_url', NULL, NULL, 'My URL', 'URL specified when posting a comment.'),
	(18, 'comment', 'notify_me', NULL, NULL, 'Notify me', 'If set to yes, notifications will be sent to the saved email address when new comments are made.'),
	(19, 'comment', 'save_info', NULL, NULL, 'Save info', 'If set to yes, allows additional cookies (my_email, my_location, my_name, my_url) to store guest user information for use when filling out comment forms. This cookie is only set if you submit a comment.'),
	(20, 'pro', 'frontedit', NULL, NULL, 'Front-end editing', 'Determines whether ExpressioEngine Pro front-end editing features should be enabled.');

INSERT INTO `exp_cp_log` (`id`, `site_id`, `member_id`, `username`, `ip_address`, `act_date`, `action`) VALUES 
	(1, 1, 1, 'admin@bonesexample.com', '127.0.0.1', 1646306667, 'Logged in'),
	(2, 1, 1, 'admin@bonesexample.com', '127.0.0.1', 1646307957, 'Channel Created&nbsp;&nbsp;Brand'),
	(3, 1, 1, 'admin@bonesexample.com', '127.0.0.1', 1646308103, 'Channel Created&nbsp;&nbsp;Product'),
	(4, 1, 1, 'admin@bonesexample.com', '127.0.0.1', 1646318194, 'Logged in'),
	(5, 1, 1, 'admin@bonesexample.com', '127.0.0.1', 1646324689, 'Logged in');

INSERT INTO `exp_dashboard_widgets` (`widget_id`, `widget_name`, `widget_data`, `widget_type`, `widget_source`, `widget_file`) VALUES 
	(1, NULL, NULL, 'php', 'pro', 'comments'),
	(2, NULL, NULL, 'php', 'pro', 'eecms_news'),
	(3, NULL, NULL, 'php', 'pro', 'members'),
	(4, NULL, NULL, 'php', 'pro', 'recent_entries'),
	(5, NULL, NULL, 'php', 'pro', 'recent_templates'),
	(6, NULL, NULL, 'html', 'pro', 'support');

INSERT INTO `exp_dock_prolets` (`dock_id`, `prolet_id`) VALUES 
	(1, 1);

INSERT INTO `exp_docks` (`dock_id`, `site_id`) VALUES 
	(1, 1);

INSERT INTO `exp_extensions` (`extension_id`, `class`, `method`, `hook`, `settings`, `priority`, `version`, `enabled`) VALUES 
	(1, 'Comment_ext', 'addCommentMenu', 'cp_custom_menu', 'a:0:{}', 10, '2.3.3', 'y');

INSERT INTO `exp_field_groups` (`group_id`, `site_id`, `group_name`) VALUES 
	(1, 0, 'Product Group'),
	(2, 0, 'Brand Group');

INSERT INTO `exp_fieldtypes` (`fieldtype_id`, `name`, `version`, `settings`, `has_global_settings`) VALUES 
	(1, 'select', '1.0.0', 'YTowOnt9', 'n'),
	(2, 'text', '1.0.0', 'YTowOnt9', 'n'),
	(3, 'textarea', '1.0.0', 'YTowOnt9', 'n'),
	(4, 'date', '1.0.0', 'YTowOnt9', 'n'),
	(5, 'duration', '1.0.0', 'YTowOnt9', 'n'),
	(6, 'email_address', '1.0.0', 'YTowOnt9', 'n'),
	(7, 'file', '1.1.0', 'YTowOnt9', 'n'),
	(8, 'fluid_field', '1.0.0', 'YTowOnt9', 'n'),
	(9, 'grid', '1.0.0', 'YTowOnt9', 'n'),
	(10, 'file_grid', '1.0.0', 'YTowOnt9', 'n'),
	(11, 'multi_select', '1.0.0', 'YTowOnt9', 'n'),
	(12, 'checkboxes', '1.0.0', 'YTowOnt9', 'n'),
	(13, 'radio', '1.0.0', 'YTowOnt9', 'n'),
	(14, 'relationship', '1.0.0', 'YTowOnt9', 'n'),
	(15, 'rte', '2.1.0', 'YTowOnt9', 'n'),
	(16, 'toggle', '1.0.0', 'YTowOnt9', 'n'),
	(17, 'url', '1.0.0', 'YTowOnt9', 'n'),
	(18, 'colorpicker', '1.0.0', 'YTowOnt9', 'n');

INSERT INTO `exp_files` (`file_id`, `site_id`, `title`, `upload_location_id`, `mime_type`, `file_name`, `file_size`, `description`, `credit`, `location`, `uploaded_by_member_id`, `upload_date`, `modified_by_member_id`, `modified_date`, `file_hw_original`) VALUES 
	(1, 1, 'active.jpg', 5, 'image/jpeg', 'active.jpg', 6758, NULL, NULL, NULL, 1, 1646310206, 1, 1646310206, '240 240'),
	(2, 1, 'fashion-hoodie.jpg', 5, 'image/jpeg', 'fashion-hoodie.jpg', 6778, NULL, NULL, NULL, 1, 1646310251, 1, 1646310251, '240 240'),
	(3, 1, 'jacket.jpg', 5, 'image/jpeg', 'jacket.jpg', 4914, NULL, NULL, NULL, 1, 1646310237, 1, 1646310237, '240 240'),
	(4, 1, 'jeans.jpg', 5, 'image/jpeg', 'jeans.jpg', 5816, NULL, NULL, NULL, 1, 1646310260, 1, 1646310260, '240 240'),
	(5, 1, 'panets.jpg', 5, 'image/jpeg', 'panets.jpg', 5467, NULL, NULL, NULL, 1, 1646310267, 1, 1646310267, '240 240'),
	(6, 1, 'shirt.jpg', 5, 'image/jpeg', 'shirt.jpg', 2926, NULL, NULL, NULL, 1, 1646310191, 1, 1646310191, '240 240'),
	(7, 1, 'shorts.jpg', 5, 'image/jpeg', 'shorts.jpg', 5774, NULL, NULL, NULL, 1, 1646310302, 1, 1646310302, '240 240'),
	(8, 1, 'sleep.jpg', 5, 'image/jpeg', 'sleep.jpg', 6851, NULL, NULL, NULL, 1, 1646310274, 1, 1646310274, '240 240'),
	(9, 1, 'socks.jpg', 5, 'image/jpeg', 'socks.jpg', 5398, NULL, NULL, NULL, 1, 1646310244, 1, 1646310244, '240 240'),
	(10, 1, 'suits.jpg', 5, 'image/jpeg', 'suits.jpg', 7265, NULL, NULL, NULL, 1, 1646310281, 1, 1646310281, '240 240'),
	(11, 1, 'sweaters.jpg', 5, 'image/jpeg', 'sweaters.jpg', 5493, NULL, NULL, NULL, 1, 1646310295, 1, 1646310295, '240 240'),
	(12, 1, 'swim.jpg', 5, 'image/jpeg', 'swim.jpg', 5957, NULL, NULL, NULL, 1, 1646310287, 1, 1646310287, '240 240'),
	(13, 1, 't-shirt.jpg', 5, 'image/jpeg', 't-shirt.jpg', 5295, NULL, NULL, NULL, 1, 1646310225, 1, 1646310225, '240 240'),
	(14, 1, 'B1EryObaEWS._CLa_2140,2000_514a1Ax0+hL_.png_0,0,2140,2000+0_.0,0_.0,2140_.0,2000_.0_AC_UX522__.jpeg', 5, 'image/jpeg', 'B1EryObaEWS._CLa_2140,2000_514a1Ax0+hL_.png_0,0,2140,2000+0_.0,0_.0,2140_.0,2000_.0_AC_UX522__.jpeg', 32396, NULL, NULL, NULL, 1, 1646319714, 1, 1646319714, '531 522'),
	(15, 1, 'RedSHirtback_1024x1024.jpg', 5, 'image/jpeg', 'RedSHirtback_1024x1024.jpg', 66222, NULL, NULL, NULL, 1, 1646319852, 1, 1646319852, '1000 1000'),
	(16, 1, 'harrington-jacket-sweatshirt-chinos-large-76747.jpg', 5, 'image/jpeg', 'harrington-jacket-sweatshirt-chinos-large-76747.jpg', 39742, NULL, NULL, NULL, 1, 1646325899, 1, 1646325899, '405 325'),
	(17, 1, 'g-star-raw-3301-slim-jeans-black.jpg', 5, 'image/jpeg', 'g-star-raw-3301-slim-jeans-black.jpg', 30820, NULL, NULL, NULL, 1, 1646325920, 1, 1646325920, '630 630');

INSERT INTO `exp_html_buttons` (`id`, `site_id`, `member_id`, `tag_name`, `tag_open`, `tag_close`, `accesskey`, `tag_order`, `tag_row`, `classname`) VALUES 
	(1, 1, 0, 'html_btn_bold', '<strong>', '</strong>', 'b', 1, '1', 'html-bold'),
	(2, 1, 0, 'html_btn_italic', '<em>', '</em>', 'i', 2, '1', 'html-italic'),
	(3, 1, 0, 'html_btn_blockquote', '<blockquote>', '</blockquote>', 'q', 3, '1', 'html-quote'),
	(4, 1, 0, 'html_btn_anchor', '<a href=\"[![Link:!:http://]!]\"(!( title=\"[![Title]!]\")!)>', '</a>', 'k', 4, '1', 'html-link'),
	(5, 1, 0, 'html_btn_picture', '<img src=\"[![Link:!:http://]!]\" alt=\"[![Alternative text]!]\" />', '', '', 5, '1', 'html-upload');

INSERT INTO `exp_member_data` (`member_id`) VALUES 
	(1);

INSERT INTO `exp_member_news_views` (`news_id`, `version`, `member_id`) VALUES 
	(1, '6.2.7', 1);

INSERT INTO `exp_members` (`member_id`, `role_id`, `pending_role_id`, `username`, `screen_name`, `password`, `salt`, `unique_id`, `crypt_key`, `backup_mfa_code`, `authcode`, `email`, `signature`, `avatar_filename`, `avatar_width`, `avatar_height`, `photo_filename`, `photo_width`, `photo_height`, `sig_img_filename`, `sig_img_width`, `sig_img_height`, `ignore_list`, `private_messages`, `accept_messages`, `last_view_bulletins`, `last_bulletin_date`, `ip_address`, `join_date`, `last_visit`, `last_activity`, `total_entries`, `total_comments`, `total_forum_topics`, `total_forum_posts`, `last_entry_date`, `last_comment_date`, `last_forum_post_date`, `last_email_date`, `in_authorlist`, `accept_admin_email`, `accept_user_email`, `notify_by_default`, `notify_of_pm`, `display_signatures`, `parse_smileys`, `smart_notifications`, `language`, `timezone`, `time_format`, `date_format`, `include_seconds`, `profile_theme`, `forum_theme`, `tracker`, `template_size`, `notepad`, `notepad_size`, `bookmarklets`, `quick_links`, `quick_tabs`, `show_sidebar`, `pmember_id`, `cp_homepage`, `cp_homepage_channel`, `cp_homepage_custom`, `dismissed_pro_banner`, `enable_mfa`) VALUES 
	(1, 1, 0, 'admin@bonesexample.com', 'admin@bonesexample.com', '$2y$10$kpeuh1FvPhnwVDWZmR6L6.mRUo82.tPJooUv5SSqADouOOd4jp5m2', '', 'ac2b2ef6cf1ec8e7936ed23ef989fd51da0a0662', '4a46ca2d817529c3b924d2817c5bc3e76b54f0a8', NULL, NULL, 'admin@bonesexample.com', NULL, NULL, NULL, NULL, NULL, NULL, NULL, NULL, NULL, NULL, NULL, 0, 'y', 0, 0, '127.0.0.1', 1646306658, 1646306668, 1646326083, 4, 0, 0, 0, 1646325900, 0, 0, 0, 'n', 'y', 'y', 'y', 'y', 'y', 'y', 'y', 'english', 'America/New_York', NULL, NULL, NULL, NULL, NULL, NULL, '28', NULL, '18', NULL, '', NULL, 'n', 0, NULL, NULL, NULL, 'y', 'n');

INSERT INTO `exp_members_roles` (`member_id`, `role_id`) VALUES 
	(1, 1);

INSERT INTO `exp_menu_sets` (`set_id`, `name`) VALUES 
	(1, 'Default');

INSERT INTO `exp_modules` (`module_id`, `module_name`, `module_version`, `has_cp_backend`, `has_publish_fields`) VALUES 
	(1, 'Channel', '2.1.1', 'n', 'n'),
	(2, 'Comment', '2.3.3', 'y', 'n'),
	(3, 'Consent', '1.0.0', 'n', 'n'),
	(4, 'Member', '2.3.0', 'n', 'n'),
	(5, 'Stats', '2.2.0', 'n', 'n'),
	(6, 'Rte', '2.1.0', 'y', 'n'),
	(7, 'File', '1.1.0', 'n', 'n'),
	(8, 'Filepicker', '1.0', 'y', 'n'),
	(9, 'Relationship', '1.0.0', 'n', 'n'),
	(10, 'Search', '2.3.0', 'n', 'n'),
	(11, 'Cartthrob_seeder', '1.2.0', 'y', 'n'),
	(12, 'Bones', '1.0.1', 'y', 'n'),
	(13, 'Pro', '1.2.0', 'n', 'n');

INSERT INTO `exp_permissions` (`permission_id`, `role_id`, `site_id`, `permission`) VALUES 
	(1, 1, 1, 'can_view_offline_system'),
	(2, 1, 1, 'can_access_cp'),
	(3, 1, 1, 'can_access_footer_report_bug'),
	(4, 1, 1, 'can_access_footer_new_ticket'),
	(5, 1, 1, 'can_access_footer_user_guide'),
	(6, 1, 1, 'can_view_homepage_news'),
	(7, 1, 1, 'can_upload_new_files'),
	(8, 1, 1, 'can_edit_files'),
	(9, 1, 1, 'can_delete_files'),
	(10, 1, 1, 'can_upload_new_toolsets'),
	(11, 1, 1, 'can_edit_toolsets'),
	(12, 1, 1, 'can_delete_toolsets'),
	(13, 1, 1, 'can_create_upload_directories'),
	(14, 1, 1, 'can_edit_upload_directories'),
	(15, 1, 1, 'can_delete_upload_directories'),
	(16, 1, 1, 'can_access_files'),
	(17, 1, 1, 'can_access_design'),
	(18, 1, 1, 'can_access_addons'),
	(19, 1, 1, 'can_access_members'),
	(20, 1, 1, 'can_access_sys_prefs'),
	(21, 1, 1, 'can_access_comm'),
	(22, 1, 1, 'can_access_utilities'),
	(23, 1, 1, 'can_access_data'),
	(24, 1, 1, 'can_access_logs'),
	(25, 1, 1, 'can_admin_channels'),
	(26, 1, 1, 'can_create_channels'),
	(27, 1, 1, 'can_edit_channels'),
	(28, 1, 1, 'can_delete_channels'),
	(29, 1, 1, 'can_create_channel_fields'),
	(30, 1, 1, 'can_edit_channel_fields'),
	(31, 1, 1, 'can_delete_channel_fields'),
	(32, 1, 1, 'can_create_statuses'),
	(33, 1, 1, 'can_delete_statuses'),
	(34, 1, 1, 'can_edit_statuses'),
	(35, 1, 1, 'can_create_categories'),
	(36, 1, 1, 'can_create_roles'),
	(37, 1, 1, 'can_delete_roles'),
	(38, 1, 1, 'can_edit_roles'),
	(39, 1, 1, 'can_admin_design'),
	(40, 1, 1, 'can_create_members'),
	(41, 1, 1, 'can_edit_members'),
	(42, 1, 1, 'can_delete_members'),
	(43, 1, 1, 'can_admin_roles'),
	(44, 1, 1, 'can_admin_mbr_templates'),
	(45, 1, 1, 'can_ban_users'),
	(46, 1, 1, 'can_admin_addons'),
	(47, 1, 1, 'can_create_templates'),
	(48, 1, 1, 'can_edit_templates'),
	(49, 1, 1, 'can_delete_templates'),
	(50, 1, 1, 'can_create_template_groups'),
	(51, 1, 1, 'can_edit_template_groups'),
	(52, 1, 1, 'can_delete_template_groups'),
	(53, 1, 1, 'can_create_template_partials'),
	(54, 1, 1, 'can_edit_template_partials'),
	(55, 1, 1, 'can_delete_template_partials'),
	(56, 1, 1, 'can_create_template_variables'),
	(57, 1, 1, 'can_delete_template_variables'),
	(58, 1, 1, 'can_edit_template_variables'),
	(59, 1, 1, 'can_edit_categories'),
	(60, 1, 1, 'can_delete_categories'),
	(61, 1, 1, 'can_view_other_entries'),
	(62, 1, 1, 'can_edit_other_entries'),
	(63, 1, 1, 'can_assign_post_authors'),
	(64, 1, 1, 'can_delete_self_entries'),
	(65, 1, 1, 'can_delete_all_entries'),
	(66, 1, 1, 'can_view_other_comments'),
	(67, 1, 1, 'can_edit_own_comments'),
	(68, 1, 1, 'can_delete_own_comments'),
	(69, 1, 1, 'can_edit_all_comments'),
	(70, 1, 1, 'can_delete_all_comments'),
	(71, 1, 1, 'can_moderate_comments'),
	(72, 1, 1, 'can_send_cached_email'),
	(73, 1, 1, 'can_email_roles'),
	(74, 1, 1, 'can_email_from_profile'),
	(75, 1, 1, 'can_view_profiles'),
	(76, 1, 1, 'can_edit_html_buttons'),
	(77, 1, 1, 'can_post_comments'),
	(78, 1, 1, 'can_delete_self'),
	(79, 1, 1, 'can_send_private_messages'),
	(80, 1, 1, 'can_attach_in_private_messages'),
	(81, 1, 1, 'can_send_bulletins'),
	(82, 1, 1, 'can_search'),
	(83, 1, 1, 'can_create_entries'),
	(84, 1, 1, 'can_edit_self_entries'),
	(85, 1, 1, 'can_access_security_settings'),
	(86, 1, 1, 'can_access_translate'),
	(87, 1, 1, 'can_access_import'),
	(88, 1, 1, 'can_access_sql_manager'),
	(89, 1, 1, 'can_moderate_spam'),
	(90, 1, 1, 'can_manage_consents'),
	(91, 3, 1, 'can_view_online_system'),
	(92, 4, 1, 'can_view_online_system'),
	(93, 5, 1, 'can_view_online_system'),
	(94, 5, 1, 'can_email_from_profile'),
	(95, 5, 1, 'can_view_profiles'),
	(96, 5, 1, 'can_edit_html_buttons'),
	(97, 5, 1, 'can_delete_self'),
	(98, 5, 1, 'can_send_private_messages'),
	(99, 5, 1, 'can_attach_in_private_messages');

INSERT INTO `exp_prolets` (`prolet_id`, `source`, `class`) VALUES 
	(1, 'pro', 'Entries_pro');

INSERT INTO `exp_role_settings` (`id`, `role_id`, `site_id`, `menu_set_id`, `mbr_delete_notify_emails`, `exclude_from_moderation`, `search_flood_control`, `prv_msg_send_limit`, `prv_msg_storage_limit`, `include_in_authorlist`, `include_in_memberlist`, `cp_homepage`, `cp_homepage_channel`, `cp_homepage_custom`, `require_mfa`) VALUES 
	(1, 1, 1, 1, NULL, 'y', 0, 20, 60, 'y', 'y', NULL, 0, NULL, 'n'),
	(2, 2, 1, 1, NULL, 'n', 60, 20, 60, 'n', 'n', NULL, 0, NULL, 'n'),
	(3, 3, 1, 1, NULL, 'n', 10, 20, 60, 'n', 'y', NULL, 0, NULL, 'n'),
	(4, 4, 1, 1, NULL, 'n', 10, 20, 60, 'n', 'y', NULL, 0, NULL, 'n'),
	(5, 5, 1, 1, NULL, 'n', 10, 20, 60, 'n', 'y', NULL, 0, NULL, 'n');

INSERT INTO `exp_roles` (`role_id`, `name`, `short_name`, `description`, `total_members`, `is_locked`) VALUES 
	(1, 'Super Admin', 'super_admin', NULL, 0, 'y'),
	(2, 'Banned', 'banned', NULL, 0, 'n'),
	(3, 'Guests', 'guests', NULL, 0, 'n'),
	(4, 'Pending', 'pending', NULL, 0, 'n'),
	(5, 'Members', 'members', NULL, 0, 'n');

INSERT INTO `exp_rte_toolsets` (`toolset_id`, `toolset_name`, `toolset_type`, `settings`) VALUES 
	(1, 'CKEditor Basic', 'ckeditor', 'YTo1OntzOjQ6InR5cGUiO3M6ODoiY2tlZGl0b3IiO3M6NzoidG9vbGJhciI7YTo2OntpOjA7czo0OiJib2xkIjtpOjE7czo2OiJpdGFsaWMiO2k6MjtzOjk6InVuZGVybGluZSI7aTozO3M6MTI6Im51bWJlcmVkTGlzdCI7aTo0O3M6MTI6ImJ1bGxldGVkTGlzdCI7aTo1O3M6NDoibGluayI7fXM6NjoiaGVpZ2h0IjtzOjM6IjIwMCI7czoxMDoidXBsb2FkX2RpciI7czozOiJhbGwiO3M6MTA6Im1lZGlhRW1iZWQiO2E6MTp7czoxNDoicHJldmlld3NJbkRhdGEiO2I6MTt9fQ=='),
	(2, 'CKEditor Full', 'ckeditor', 'YTo1OntzOjQ6InR5cGUiO3M6ODoiY2tlZGl0b3IiO3M6NzoidG9vbGJhciI7YTozMDp7aTowO3M6NDoiYm9sZCI7aToxO3M6NjoiaXRhbGljIjtpOjI7czoxMzoic3RyaWtldGhyb3VnaCI7aTozO3M6OToidW5kZXJsaW5lIjtpOjQ7czo5OiJzdWJzY3JpcHQiO2k6NTtzOjExOiJzdXBlcnNjcmlwdCI7aTo2O3M6MTA6ImJsb2NrcXVvdGUiO2k6NztzOjQ6ImNvZGUiO2k6ODtzOjc6ImhlYWRpbmciO2k6OTtzOjEyOiJyZW1vdmVGb3JtYXQiO2k6MTA7czo0OiJ1bmRvIjtpOjExO3M6NDoicmVkbyI7aToxMjtzOjEyOiJudW1iZXJlZExpc3QiO2k6MTM7czoxMjoiYnVsbGV0ZWRMaXN0IjtpOjE0O3M6Nzoib3V0ZGVudCI7aToxNTtzOjY6ImluZGVudCI7aToxNjtzOjQ6ImxpbmsiO2k6MTc7czoxMToiZmlsZW1hbmFnZXIiO2k6MTg7czoxMToiaW5zZXJ0VGFibGUiO2k6MTk7czoxMDoibWVkaWFFbWJlZCI7aToyMDtzOjk6Imh0bWxFbWJlZCI7aToyMTtzOjE0OiJhbGlnbm1lbnQ6bGVmdCI7aToyMjtzOjE1OiJhbGlnbm1lbnQ6cmlnaHQiO2k6MjM7czoxNjoiYWxpZ25tZW50OmNlbnRlciI7aToyNDtzOjE3OiJhbGlnbm1lbnQ6anVzdGlmeSI7aToyNTtzOjE0OiJob3Jpem9udGFsTGluZSI7aToyNjtzOjE3OiJzcGVjaWFsQ2hhcmFjdGVycyI7aToyNztzOjg6InJlYWRNb3JlIjtpOjI4O3M6OToiZm9udENvbG9yIjtpOjI5O3M6MTk6ImZvbnRCYWNrZ3JvdW5kQ29sb3IiO31zOjY6ImhlaWdodCI7czozOiIyMDAiO3M6MTA6InVwbG9hZF9kaXIiO3M6MzoiYWxsIjtzOjEwOiJtZWRpYUVtYmVkIjthOjE6e3M6MTQ6InByZXZpZXdzSW5EYXRhIjtiOjE7fX0='),
	(3, 'Redactor Basic', 'redactor', 'YTo0OntzOjQ6InR5cGUiO3M6ODoicmVkYWN0b3IiO3M6NzoidG9vbGJhciI7YToyOntzOjc6ImJ1dHRvbnMiO2E6Njp7aTowO3M6NDoiYm9sZCI7aToxO3M6NjoiaXRhbGljIjtpOjI7czo5OiJ1bmRlcmxpbmUiO2k6MztzOjI6Im9sIjtpOjQ7czoyOiJ1bCI7aTo1O3M6NDoibGluayI7fXM6NzoicGx1Z2lucyI7YTowOnt9fXM6NjoiaGVpZ2h0IjtzOjM6IjIwMCI7czoxMDoidXBsb2FkX2RpciI7czozOiJhbGwiO30='),
	(4, 'Redactor Full', 'redactor', 'YTo0OntzOjQ6InR5cGUiO3M6ODoicmVkYWN0b3IiO3M6NzoidG9vbGJhciI7YToyOntzOjc6ImJ1dHRvbnMiO2E6MTY6e2k6MDtzOjQ6Imh0bWwiO2k6MTtzOjY6ImZvcm1hdCI7aToyO3M6NDoiYm9sZCI7aTozO3M6NjoiaXRhbGljIjtpOjQ7czo3OiJkZWxldGVkIjtpOjU7czo5OiJ1bmRlcmxpbmUiO2k6NjtzOjQ6InJlZG8iO2k6NztzOjQ6InVuZG8iO2k6ODtzOjI6Im9sIjtpOjk7czoyOiJ1bCI7aToxMDtzOjY6ImluZGVudCI7aToxMTtzOjc6Im91dGRlbnQiO2k6MTI7czozOiJzdXAiO2k6MTM7czozOiJzdWIiO2k6MTQ7czo0OiJsaW5rIjtpOjE1O3M6NDoibGluZSI7fXM6NzoicGx1Z2lucyI7YToxNTp7aTowO3M6OToiYWxpZ25tZW50IjtpOjE7czoxNjoicnRlX2RlZmluZWRsaW5rcyI7aToyO3M6MTE6ImZpbGVicm93c2VyIjtpOjM7czo1OiJwYWdlcyI7aTo0O3M6MTE6ImlubGluZXN0eWxlIjtpOjU7czo5OiJmb250Y29sb3IiO2k6NjtzOjc6ImxpbWl0ZXIiO2k6NztzOjc6ImNvdW50ZXIiO2k6ODtzOjEwOiJwcm9wZXJ0aWVzIjtpOjk7czoxMjoic3BlY2lhbGNoYXJzIjtpOjEwO3M6NToidGFibGUiO2k6MTE7czo1OiJ2aWRlbyI7aToxMjtzOjY6IndpZGdldCI7aToxMztzOjg6InJlYWRtb3JlIjtpOjE0O3M6MTA6ImZ1bGxzY3JlZW4iO319czo2OiJoZWlnaHQiO3M6MzoiMjAwIjtzOjEwOiJ1cGxvYWRfZGlyIjtzOjM6ImFsbCI7fQ==');

INSERT INTO `exp_security_hashes` (`hash_id`, `date`, `session_id`, `hash`) VALUES 
	(2, 1646316326, '7b7d2a0116f9a1181cb5d0985e8c9f2137c8d68a', 'c3068a03f51e1c9f76ea7f991f56a93b9802b8b2'),
	(3, 1646318194, '699b3106ecece67b9b183c5eede41426110c17f5', '62232b524608372f26448768b70fd946235d7bd9'),
	(4, 1646323226, '981bb0a76162e2799c877113a1c3532d103de3fa', '759bc510495c76068897307ca34d06cc114bf9e4'),
	(5, 1646324689, '1ab398887ea23cbde4db6d771887252f9e8be274', 'de78d79e12d8cd3efa989264408395fe69ab845e');

INSERT INTO `exp_sessions` (`session_id`, `member_id`, `admin_sess`, `ip_address`, `user_agent`, `login_state`, `fingerprint`, `sess_start`, `auth_timeout`, `last_activity`, `can_debug`, `mfa_flag`) VALUES 
	('1ab398887ea23cbde4db6d771887252f9e8be274', 1, 1, '127.0.0.1', 'Mozilla/5.0 (X11; Linux x86_64) AppleWebKit/537.36 (KHTML, like Gecko) Chrome/96.0.4664.110 Safari/537.36', NULL, 'a4a3a9f7adbddbccf80ec142b4a93dc2', 1646324689, 0, 1646326335, '0', 'skip'),
	('699b3106ecece67b9b183c5eede41426110c17f5', 1, 1, '127.0.0.1', 'Mozilla/5.0 (X11; Linux x86_64) AppleWebKit/537.36 (KHTML, like Gecko) Chrome/96.0.4664.110 Safari/537.36', NULL, 'a4a3a9f7adbddbccf80ec142b4a93dc2', 1646323226, 0, 1646323226, '0', 'skip');

INSERT INTO `exp_sites` (`site_id`, `site_label`, `site_name`, `site_description`, `site_bootstrap_checksums`, `site_pages`) VALUES 
	(1, 'The Bones Store', 'default_site', NULL, 'YToxOntzOjU3OiIvaG9tZS9kb3VnL3NpdGVzL2JvbmVzLWRlY291cGxlZC1leGFtcGxlL3B1YmxpYy9pbmRleC5waHAiO3M6MzI6Ijk1ODBiNjM0ZGFkNGY5Zjg5OWQyMDlkZDJmNWI5MjJhIjt9', '');

INSERT INTO `exp_snippets` (`snippet_id`, `site_id`, `snippet_name`, `snippet_contents`, `edit_date`) VALUES 
	(1, 1, 'header', '<section class=\"relative\">\n    <div class=\"py-2 bg-blue-500\">\n        <div class=\"flex items-center justify-center\">\n            <svg class=\"mr-2\" width=\"18\" height=\"11\" viewbox=\"0 0 18 11\" fill=\"none\" xmlns=\"http://www.w3.org/2000/svg\"><rect y=\"3.07129\" width=\"4\" height=\"10\" rx=\"2\" transform=\"rotate(-45 0 3.07129)\" fill=\"white\"></rect><rect x=\"8\" y=\"2.82861\" width=\"4\" height=\"10\" rx=\"2\" transform=\"rotate(-45 8 2.82861)\" fill=\"white\"></rect></svg>\n            <p class=\"text-xs font-bold font-heading text-blue-50\">Hi, you\'re new here! Get 20% off card!</p>\n        </div>\n    </div>\n    <nav class=\"relative flex flex-wrap\">\n        <div class=\"flex justify-between w-full bg-blue-300\">\n            <a class=\"hidden xl:flex items-center px-12 border-r border-blue-200\" href=\"#\">\n                <svg width=\"18\" height=\"18\" viewbox=\"0 0 18 18\" fill=\"none\" xmlns=\"http://www.w3.org/2000/svg\">\n                    <path d=\"M18 15.4688H0V17.7207H18V15.4688Z\" fill=\"white\"></path>\n                    <path d=\"M11.0226 7.87402H0V10.126H11.0226V7.87402Z\" fill=\"white\"></path>\n                    <path d=\"M18 0.279297H0V2.53127H18V0.279297Z\" fill=\"white\"></path>\n                </svg>\n            </a>\n            <div class=\"px-12 py-8 flex w-full items-center\">\n                <a class=\"flex-shrink-0 text-3xl font-bold font-heading text-white flex flex-row\" href=\"#\">\n                    <img class=\"h-9\" src=\"/bones-logo.png\" alt=\"\" width=\"auto\">\n                    <p>The Bones Clothing Store</p>\n                </a>\n                <ul class=\"hidden lg:flex absolute top-10 left-1/2 transform -translate-y-1/2 -translate-x-1/2 mt-2 lg:items-center lg:w-auto\">\n                    <li><a class=\"inline-block w-28 mr-3 py-2 text-center hover:text-white bg-white hover:bg-gray-900 rounded-full font-bold font-heading transition duration-200\" href=\"#\">Category</a></li>\n                    <li><a class=\"inline-block w-28 mr-3 py-2 text-center hover:text-white bg-white hover:bg-gray-900 rounded-full font-bold font-heading transition duration-200\" href=\"#\">Collection</a></li>\n                    <li><a class=\"inline-block w-28 mr-3 py-2 text-center hover:text-white bg-white hover:bg-gray-900 rounded-full font-bold font-heading transition duration-200\" href=\"#\">Story</a></li>\n                    <li><a class=\"inline-block w-28 mr-3 py-2 text-center hover:text-white bg-white hover:bg-gray-900 rounded-full font-bold font-heading transition duration-200\" href=\"#\">Brand</a></li>\n                    <li><a class=\"inline-block w-28 mr-3 py-2 text-center hover:text-white bg-white hover:bg-gray-900 rounded-full font-bold font-heading transition duration-200\" href=\"#\">Photos</a></li>\n                </ul>\n            </div>\n            <div class=\"hidden xl:flex items-center justify-end mr-12\">\n                <a class=\"mr-10 text-white\" href=\"#\">\n                    <svg width=\"23\" height=\"20\" viewbox=\"0 0 23 20\" fill=\"none\" xmlns=\"http://www.w3.org/2000/svg\">\n                        <path d=\"M11.4998 19.2061L2.70115 9.92527C1.92859 9.14433 1.41864 8.1374 1.24355 7.04712C1.06847 5.95684 1.23713 4.8385 1.72563 3.85053V3.85053C2.09464 3.10462 2.63366 2.45803 3.29828 1.96406C3.9629 1.47008 4.73408 1.14284 5.5483 1.00931C6.36252 0.875782 7.19647 0.939779 7.98144 1.19603C8.7664 1.45228 9.47991 1.89345 10.0632 2.48319L11.4998 3.93577L12.9364 2.48319C13.5197 1.89345 14.2332 1.45228 15.0182 1.19603C15.8031 0.939779 16.6371 0.875782 17.4513 1.00931C18.2655 1.14284 19.0367 1.47008 19.7013 1.96406C20.3659 2.45803 20.905 3.10462 21.274 3.85053V3.85053C21.7625 4.8385 21.9311 5.95684 21.756 7.04712C21.581 8.1374 21.071 9.14433 20.2984 9.92527L11.4998 19.2061Z\" stroke=\"currentColor\" stroke-width=\"1.5\" stroke-linecap=\"round\" stroke-linejoin=\"round\"></path>\n                    </svg>\n                </a>\n                <a class=\"flex items-center\" href=\"#\">\n                    <svg class=\"text-white mr-3\" width=\"23\" height=\"23\" viewbox=\"0 0 23 23\" fill=\"none\" xmlns=\"http://www.w3.org/2000/svg\">\n                        <path d=\"M18.1159 8.72461H2.50427C1.99709 8.72461 1.58594 9.12704 1.58594 9.62346V21.3085C1.58594 21.8049 1.99709 22.2074 2.50427 22.2074H18.1159C18.6231 22.2074 19.0342 21.8049 19.0342 21.3085V9.62346C19.0342 9.12704 18.6231 8.72461 18.1159 8.72461Z\" stroke=\"currentColor\" stroke-width=\"1.5\" stroke-linecap=\"round\" stroke-linejoin=\"round\"></path>\n                        <path d=\"M6.34473 6.34469V4.95676C6.34473 3.85246 6.76252 2.79338 7.5062 2.01252C8.24988 1.23165 9.25852 0.792969 10.3102 0.792969C11.362 0.792969 12.3706 1.23165 13.1143 2.01252C13.858 2.79338 14.2758 3.85246 14.2758 4.95676V6.34469\" stroke=\"currentColor\" stroke-width=\"1.5\" stroke-linecap=\"round\" stroke-linejoin=\"round\"></path>\n                    </svg>\n                    <span class=\"inline-block w-6 h-6 text-center bg-white rounded-full font-semibold font-heading text-dark\">3</span>\n                </a>\n            </div>\n            <a class=\"hidden xl:flex items-center px-12 border-l border-blue-200 font-semibold font-heading text-white\" href=\"#\">\n                <svg class=\"mr-3\" width=\"32\" height=\"31\" viewbox=\"0 0 32 31\" fill=\"none\" xmlns=\"http://www.w3.org/2000/svg\">\n                    <path d=\"M16.0006 16.3154C19.1303 16.3154 21.6673 13.799 21.6673 10.6948C21.6673 7.59064 19.1303 5.07422 16.0006 5.07422C12.871 5.07422 10.334 7.59064 10.334 10.6948C10.334 13.799 12.871 16.3154 16.0006 16.3154Z\" stroke=\"currentColor\" stroke-width=\"1.5\" stroke-linecap=\"round\" stroke-linejoin=\"round\"></path>\n                    <path d=\"M24.4225 23.8963C23.6678 22.3507 22.4756 21.0445 20.9845 20.1298C19.4934 19.2151 17.7647 18.7295 15.9998 18.7295C14.2349 18.7295 12.5063 19.2151 11.0152 20.1298C9.52406 21.0445 8.33179 22.3507 7.57715 23.8963\" stroke=\"currentColor\" stroke-width=\"1.5\" stroke-linecap=\"round\" stroke-linejoin=\"round\"></path>\n                </svg>\n                <span>SignIn</span>\n            </a>\n            <a class=\"xl:hidden flex mr-6 items-center text-white\" href=\"#\">\n                <svg class=\"mr-2\" width=\"23\" height=\"23\" viewbox=\"0 0 23 23\" fill=\"none\" xmlns=\"http://www.w3.org/2000/svg\">\n                    <path d=\"M18.1159 8.72461H2.50427C1.99709 8.72461 1.58594 9.12704 1.58594 9.62346V21.3085C1.58594 21.8049 1.99709 22.2074 2.50427 22.2074H18.1159C18.6231 22.2074 19.0342 21.8049 19.0342 21.3085V9.62346C19.0342 9.12704 18.6231 8.72461 18.1159 8.72461Z\" stroke=\"currentColor\" stroke-width=\"1.5\" stroke-linecap=\"round\" stroke-linejoin=\"round\"></path>\n                    <path d=\"M6.34473 6.34469V4.95676C6.34473 3.85246 6.76252 2.79338 7.5062 2.01252C8.24988 1.23165 9.25852 0.792969 10.3102 0.792969C11.362 0.792969 12.3706 1.23165 13.1143 2.01252C13.858 2.79338 14.2758 3.85246 14.2758 4.95676V6.34469\" stroke=\"currentColor\" stroke-width=\"1.5\" stroke-linecap=\"round\" stroke-linejoin=\"round\"></path>\n                </svg>\n                <span class=\"inline-block w-6 h-6 text-center text-gray-900 bg-white rounded-full font-semibold font-heading\">3</span>\n            </a>\n            <a class=\"navbar-burger self-center mr-12 xl:hidden\" href=\"#\">\n                <svg width=\"20\" height=\"12\" viewbox=\"0 0 20 12\" fill=\"none\" xmlns=\"http://www.w3.org/2000/svg\">\n                    <path d=\"M1 2H19C19.2652 2 19.5196 1.89464 19.7071 1.70711C19.8946 1.51957 20 1.26522 20 1C20 0.734784 19.8946 0.48043 19.7071 0.292893C19.5196 0.105357 19.2652 0 19 0H1C0.734784 0 0.48043 0.105357 0.292893 0.292893C0.105357 0.48043 0 0.734784 0 1C0 1.26522 0.105357 1.51957 0.292893 1.70711C0.48043 1.89464 0.734784 2 1 2ZM19 10H1C0.734784 10 0.48043 10.1054 0.292893 10.2929C0.105357 10.4804 0 10.7348 0 11C0 11.2652 0.105357 11.5196 0.292893 11.7071C0.48043 11.8946 0.734784 12 1 12H19C19.2652 12 19.5196 11.8946 19.7071 11.7071C19.8946 11.5196 20 11.2652 20 11C20 10.7348 19.8946 10.4804 19.7071 10.2929C19.5196 10.1054 19.2652 10 19 10ZM19 5H1C0.734784 5 0.48043 5.10536 0.292893 5.29289C0.105357 5.48043 0 5.73478 0 6C0 6.26522 0.105357 6.51957 0.292893 6.70711C0.48043 6.89464 0.734784 7 1 7H19C19.2652 7 19.5196 6.89464 19.7071 6.70711C19.8946 6.51957 20 6.26522 20 6C20 5.73478 19.8946 5.48043 19.7071 5.29289C19.5196 5.10536 19.2652 5 19 5Z\" fill=\"white\"></path>\n                </svg>\n            </a>\n        </div>\n        <div class=\"hidden lg:block w-full px-12 py-8 bg-blue-100 bg-opacity-20\">\n            <div class=\"flex flex-wrap items-center\">\n                <span class=\"font-semibold font-heading mb-10 lg:mb-0 mr-14\">Search items:</span>\n                <div class=\"flex mr-auto mb-10 lg:mb-0 items-center pl-8 bg-white rounded-lg\">\n                    <span class=\"mr-3\">\n                        <svg width=\"18\" height=\"19\" viewbox=\"0 0 18 19\" fill=\"none\" xmlns=\"http://www.w3.org/2000/svg\">\n                            <path d=\"M17.5 17.6719L12.5042 12.4961\" stroke=\"black\" stroke-miterlimit=\"10\" stroke-linecap=\"round\" stroke-linejoin=\"round\"></path>\n                            <path d=\"M7.27524 14.4082C10.8789 14.4082 13.8002 11.486 13.8002 7.88134C13.8002 4.27666 10.8789 1.35449 7.27524 1.35449C3.67159 1.35449 0.750244 4.27666 0.750244 7.88134C0.750244 11.486 3.67159 14.4082 7.27524 14.4082Z\" stroke=\"black\" stroke-miterlimit=\"10\" stroke-linecap=\"round\" stroke-linejoin=\"round\"></path>\n                        </svg>\n                    </span>\n                    <input class=\"border-0 focus:ring-transparent focus:outline-none\" type=\"search\">\n                    <button class=\"inline-flex items-center justify-center w-12 h-12 bg-orange-300 hover:bg-orange-400 rounded-md\">\n                        <svg width=\"7\" height=\"12\" viewbox=\"0 0 7 12\" fill=\"none\" xmlns=\"http://www.w3.org/2000/svg\">\n                            <path d=\"M4.125 6.00252L0 1.87752L1.17801 0.699219L6.48102 6.00252L1.17801 11.3058L0 10.1275L4.125 6.00252Z\" fill=\"white\"></path>\n                        </svg>\n                    </button>\n                </div>\n                <div>\n                    <a class=\"inline-flex items-center justify-center w-12 h-12 mr-2 bg-blue-300 rounded-full\" href=\"#\">\n                        <svg class=\"w-4 h-4\" width=\"18\" height=\"19\" viewbox=\"0 0 18 19\" fill=\"none\" xmlns=\"http://www.w3.org/2000/svg\">\n                            <g clip-path=\"url(#clip0)\">\n                                <path d=\"M17.0064 0.554688H0.992752C0.444397 0.554962 -0.000137297 0.999771 3.181e-08 1.54826V17.5619C0.00027469 18.1103 0.445084 18.5548 0.993576 18.5547H17.0064C17.5551 18.5548 17.9999 18.1102 18 17.5615C18 17.5614 18 17.5612 18 17.5611V1.54744C17.9997 0.999084 17.5549 0.55455 17.0064 0.554688Z\" fill=\"white\"></path>\n                                <path d=\"M12.4277 18.555V11.5941H14.7744L15.126 8.86946H12.4277V7.13417C12.4277 6.34714 12.6462 5.81087 13.7748 5.81087H15.2051V3.38055C14.9562 3.34746 14.1025 3.27344 13.109 3.27344C11.0348 3.27344 9.61523 4.53906 9.61523 6.86432V8.86946H7.27734V11.5941H9.61523V18.555H12.4277Z\" fill=\"#5475E5\"></path>\n                            </g>\n                            <defs><clippath id=\"clip0\"><rect width=\"18\" height=\"18\" fill=\"white\" transform=\"translate(0 0.554688)\"></rect></clippath></defs>\n                        </svg>\n                    </a>\n                    <a class=\"inline-flex items-center justify-center w-12 h-12 mr-2 bg-indigo-300 rounded-full\" href=\"#\">\n                        <svg class=\"w-4 h-4\" width=\"18\" height=\"19\" viewbox=\"0 0 18 19\" fill=\"none\" xmlns=\"http://www.w3.org/2000/svg\">\n                            <g clip-path=\"url(#clip0)\">\n                                <path d=\"M17.9825 5.84674C17.9403 4.89033 17.7857 4.2328 17.5641 3.66305C17.3356 3.05827 16.9839 2.51682 16.5232 2.0667C16.0731 1.60958 15.5281 1.25438 14.9303 1.02939C14.3573 0.807834 13.7032 0.653172 12.7468 0.611003C11.7832 0.565264 11.4773 0.554688 9.03349 0.554688C6.58966 0.554688 6.28377 0.565264 5.32379 0.607432C4.36738 0.6496 3.70985 0.804401 3.14024 1.02582C2.53532 1.25438 1.99387 1.60601 1.54375 2.0667C1.08663 2.51682 0.731567 3.06185 0.50644 3.65962C0.284885 4.2328 0.130222 4.88676 0.0880542 5.84317C0.0423147 6.80672 0.0317383 7.11261 0.0317383 9.55645C0.0317383 12.0003 0.0423147 12.3062 0.0844829 13.2662C0.126651 14.2226 0.281451 14.8801 0.503006 15.4498C0.731567 16.0546 1.08663 16.5961 1.54375 17.0462C1.99387 17.5033 2.5389 17.8585 3.13667 18.0835C3.70985 18.3051 4.36381 18.4597 5.32035 18.5019C6.2802 18.5442 6.58622 18.5546 9.03006 18.5546C11.4739 18.5546 11.7798 18.5442 12.7398 18.5019C13.6962 18.4597 14.3537 18.3051 14.9233 18.0835C16.133 17.6158 17.0894 16.6594 17.5571 15.4498C17.7785 14.8767 17.9333 14.2226 17.9755 13.2662C18.0177 12.3062 18.0282 12.0003 18.0282 9.55645C18.0282 7.11261 18.0247 6.80672 17.9825 5.84674ZM16.3616 13.1958C16.3228 14.0749 16.1752 14.5496 16.0521 14.8661C15.7496 15.6502 15.1273 16.2726 14.3431 16.5751C14.0267 16.6981 13.5485 16.8458 12.6729 16.8844C11.7235 16.9267 11.4387 16.9371 9.03707 16.9371C6.6354 16.9371 6.34709 16.9267 5.40112 16.8844C4.52204 16.8458 4.04734 16.6981 3.73087 16.5751C3.34064 16.4308 2.98544 16.2023 2.69713 15.9034C2.39824 15.6115 2.16968 15.2599 2.02546 14.8696C1.90239 14.5532 1.75473 14.0749 1.71613 13.1994C1.67383 12.25 1.66339 11.9651 1.66339 9.56345C1.66339 7.16178 1.67383 6.87347 1.71613 5.92764C1.75473 5.04856 1.90239 4.57386 2.02546 4.25739C2.16968 3.86703 2.39824 3.51196 2.7007 3.22351C2.99244 2.92463 3.34408 2.69607 3.73444 2.55198C4.05091 2.42891 4.52918 2.28125 5.40469 2.24252C6.35409 2.20035 6.63897 2.18977 9.0405 2.18977C11.4457 2.18977 11.7305 2.20035 12.6764 2.24252C13.5555 2.28125 14.0302 2.42891 14.3467 2.55198C14.7369 2.69607 15.0921 2.92463 15.3804 3.22351C15.6793 3.51539 15.9079 3.86703 16.0521 4.25739C16.1752 4.57386 16.3228 5.052 16.3616 5.92764C16.4037 6.87704 16.4143 7.16178 16.4143 9.56345C16.4143 11.9651 16.4037 12.2464 16.3616 13.1958Z\" fill=\"white\"></path>\n                                <path d=\"M9.03362 4.93262C6.48086 4.93262 4.40967 7.00367 4.40967 9.55657C4.40967 12.1095 6.48086 14.1805 9.03362 14.1805C11.5865 14.1805 13.6576 12.1095 13.6576 9.55657C13.6576 7.00367 11.5865 4.93262 9.03362 4.93262ZM9.03362 12.556C7.37752 12.556 6.03418 11.2128 6.03418 9.55657C6.03418 7.90033 7.37752 6.55713 9.03362 6.55713C10.6899 6.55713 12.0331 7.90033 12.0331 9.55657C12.0331 11.2128 10.6899 12.556 9.03362 12.556Z\" fill=\"white\"></path>\n                                <path d=\"M14.9198 4.74989C14.9198 5.34602 14.4365 5.82937 13.8402 5.82937C13.2441 5.82937 12.7607 5.34602 12.7607 4.74989C12.7607 4.15363 13.2441 3.67041 13.8402 3.67041C14.4365 3.67041 14.9198 4.15363 14.9198 4.74989Z\" fill=\"white\"></path>\n                            </g>\n                            <defs><clippath id=\"clip0\"><rect width=\"18\" height=\"18\" fill=\"white\" transform=\"translate(0 0.554688)\"></rect></clippath></defs>\n                        </svg>\n                    </a>\n                    <a class=\"inline-flex items-center justify-center w-12 h-12 bg-blue-200 rounded-full\" href=\"#\">\n                        <svg class=\"w-4 h-4\" width=\"18\" height=\"15\" viewbox=\"0 0 18 15\" fill=\"none\" xmlns=\"http://www.w3.org/2000/svg\">\n                            <path d=\"M18 1.97356C17.3306 2.26719 16.6174 2.46181 15.8737 2.55631C16.6388 2.09956 17.2226 1.38181 17.4971 0.516687C16.7839 0.941937 15.9964 1.24231 15.1571 1.40994C14.4799 0.688813 13.5146 0.242188 12.4616 0.242188C10.4186 0.242188 8.77387 1.90044 8.77387 3.93331C8.77387 4.22581 8.79862 4.50706 8.85938 4.77481C5.7915 4.62519 3.07687 3.15481 1.25325 0.914938C0.934875 1.46731 0.748125 2.09956 0.748125 2.78019C0.748125 4.05819 1.40625 5.19106 2.38725 5.84694C1.79437 5.83569 1.21275 5.66356 0.72 5.39244C0.72 5.40369 0.72 5.41831 0.72 5.43294C0.72 7.22619 1.99912 8.71569 3.6765 9.05881C3.37612 9.14094 3.04875 9.18031 2.709 9.18031C2.47275 9.18031 2.23425 9.16681 2.01038 9.11731C2.4885 10.5787 3.84525 11.6531 5.4585 11.6879C4.203 12.6701 2.60888 13.2618 0.883125 13.2618C0.5805 13.2618 0.29025 13.2483 0 13.2112C1.63462 14.2653 3.57188 14.8672 5.661 14.8672C12.4515 14.8672 16.164 9.24219 16.164 4.36644C16.164 4.20331 16.1584 4.04581 16.1505 3.88944C16.8829 3.36969 17.4982 2.72056 18 1.97356Z\" fill=\"white\"></path>\n                        </svg>\n                    </a>\n                </div>\n            </div>\n        </div>\n    </nav>\n    <div class=\"hidden navbar-menu fixed top-0 left-0 bottom-0 w-5/6 max-w-sm z-50\">\n        <div class=\"navbar-backdrop fixed inset-0 bg-gray-800 opacity-25\"></div>\n        <nav class=\"relative flex flex-col py-6 px-6 w-full h-full bg-white border-r overflow-y-auto\">\n            <div class=\"flex items-center mb-8\">\n                <a class=\"mr-auto text-3xl font-bold font-heading\" href=\"#\">\n                    <img class=\"h-9\" src=\"/yofte-assets/logos/yofte-logo.svg\" alt=\"\" width=\"auto\">\n                </a>\n                <button class=\"navbar-close\">\n                    <svg class=\"h-2 w-2 text-gray-500 cursor-pointer\" width=\"10\" height=\"10\" viewbox=\"0 0 10 10\" fill=\"none\" xmlns=\"http://www.w3.org/2000/svg\">\n                        <path d=\"M9.00002 1L1 9.00002M1.00003 1L9.00005 9.00002\" stroke=\"black\" stroke-width=\"1.5\" stroke-linecap=\"round\" stroke-linejoin=\"round\"></path>\n                    </svg>\n                </button>\n            </div>\n            <div class=\"flex mb-8 justify-between\">\n                <a class=\"inline-flex items-center font-semibold font-heading\" href=\"#\">\n                    <svg class=\"mr-3\" width=\"32\" height=\"31\" viewbox=\"0 0 32 31\" fill=\"none\" xmlns=\"http://www.w3.org/2000/svg\">\n                        <path d=\"M16.0006 16.3154C19.1303 16.3154 21.6673 13.799 21.6673 10.6948C21.6673 7.59064 19.1303 5.07422 16.0006 5.07422C12.871 5.07422 10.334 7.59064 10.334 10.6948C10.334 13.799 12.871 16.3154 16.0006 16.3154Z\" stroke=\"currentColor\" stroke-width=\"1.5\" stroke-linecap=\"round\" stroke-linejoin=\"round\"></path>\n                        <path d=\"M24.4225 23.8963C23.6678 22.3507 22.4756 21.0445 20.9845 20.1298C19.4934 19.2151 17.7647 18.7295 15.9998 18.7295C14.2349 18.7295 12.5063 19.2151 11.0152 20.1298C9.52406 21.0445 8.33179 22.3507 7.57715 23.8963\" stroke=\"currentColor\" stroke-width=\"1.5\" stroke-linecap=\"round\" stroke-linejoin=\"round\"></path>\n                    </svg>\n                    <span>SignIn</span>\n                </a>\n                <div class=\"flex items-center\">\n                    <a class=\"mr-10\" href=\"#\">\n                        <svg width=\"23\" height=\"20\" viewbox=\"0 0 23 20\" fill=\"none\" xmlns=\"http://www.w3.org/2000/svg\">\n                            <path d=\"M11.4998 19.2061L2.70115 9.92527C1.92859 9.14433 1.41864 8.1374 1.24355 7.04712C1.06847 5.95684 1.23713 4.8385 1.72563 3.85053V3.85053C2.09464 3.10462 2.63366 2.45803 3.29828 1.96406C3.9629 1.47008 4.73408 1.14284 5.5483 1.00931C6.36252 0.875782 7.19647 0.939779 7.98144 1.19603C8.7664 1.45228 9.47991 1.89345 10.0632 2.48319L11.4998 3.93577L12.9364 2.48319C13.5197 1.89345 14.2332 1.45228 15.0182 1.19603C15.8031 0.939779 16.6371 0.875782 17.4513 1.00931C18.2655 1.14284 19.0367 1.47008 19.7013 1.96406C20.3659 2.45803 20.905 3.10462 21.274 3.85053V3.85053C21.7625 4.8385 21.9311 5.95684 21.756 7.04712C21.581 8.1374 21.071 9.14433 20.2984 9.92527L11.4998 19.2061Z\" stroke=\"currentColor\" stroke-width=\"1.5\" stroke-linecap=\"round\" stroke-linejoin=\"round\"></path>\n                        </svg>\n                    </a>\n                    <a class=\"flex items-center\" href=\"#\">\n                        <svg class=\"mr-3\" width=\"23\" height=\"23\" viewbox=\"0 0 23 23\" fill=\"none\" xmlns=\"http://www.w3.org/2000/svg\">\n                            <path d=\"M18.1159 8.72461H2.50427C1.99709 8.72461 1.58594 9.12704 1.58594 9.62346V21.3085C1.58594 21.8049 1.99709 22.2074 2.50427 22.2074H18.1159C18.6231 22.2074 19.0342 21.8049 19.0342 21.3085V9.62346C19.0342 9.12704 18.6231 8.72461 18.1159 8.72461Z\" stroke=\"currentColor\" stroke-width=\"1.5\" stroke-linecap=\"round\" stroke-linejoin=\"round\"></path>\n                            <path d=\"M6.34473 6.34469V4.95676C6.34473 3.85246 6.76252 2.79338 7.5062 2.01252C8.24988 1.23165 9.25852 0.792969 10.3102 0.792969C11.362 0.792969 12.3706 1.23165 13.1143 2.01252C13.858 2.79338 14.2758 3.85246 14.2758 4.95676V6.34469\" stroke=\"currentColor\" stroke-width=\"1.5\" stroke-linecap=\"round\" stroke-linejoin=\"round\"></path>\n                        </svg>\n                        <span class=\"inline-block w-6 h-6 text-center bg-gray-100 rounded-full font-semibold font-heading\">3</span>\n                    </a>\n                </div>\n            </div>\n            <input class=\"block mb-10 py-5 px-8 bg-gray-100 rounded-md border-transparent focus:ring-blue-300 focus:border-blue-300 focus:outline-none\" type=\"search\" placeholder=\"Search\">\n            <ul class=\"text-3xl font-bold font-heading\">\n                <li class=\"mb-8\"><a href=\"#\">Category</a></li>\n                <li class=\"mb-8\"><a href=\"#\">Collection</a></li>\n                <li class=\"mb-8\"><a href=\"#\">Story</a></li>\n                <li class=\"mb-8\"><a href=\"#\">Brand</a></li>\n                <li><a href=\"#\">Photos</a></li>\n            </ul>\n        </nav>\n    </div>\n</section>', 1646311798),
	(2, 1, 'favicon', '<link rel=\"apple-touch-icon\" sizes=\"57x57\" href=\"/favicon/apple-icon-57x57.png\">\n<link rel=\"apple-touch-icon\" sizes=\"60x60\" href=\"/favicon/apple-icon-60x60.png\">\n<link rel=\"apple-touch-icon\" sizes=\"72x72\" href=\"/favicon/apple-icon-72x72.png\">\n<link rel=\"apple-touch-icon\" sizes=\"76x76\" href=\"/favicon/apple-icon-76x76.png\">\n<link rel=\"apple-touch-icon\" sizes=\"114x114\" href=\"/favicon/apple-icon-114x114.png\">\n<link rel=\"apple-touch-icon\" sizes=\"120x120\" href=\"/favicon/apple-icon-120x120.png\">\n<link rel=\"apple-touch-icon\" sizes=\"144x144\" href=\"/favicon/apple-icon-144x144.png\">\n<link rel=\"apple-touch-icon\" sizes=\"152x152\" href=\"/favicon/apple-icon-152x152.png\">\n<link rel=\"apple-touch-icon\" sizes=\"180x180\" href=\"/favicon/apple-icon-180x180.png\">\n<link rel=\"icon\" type=\"image/png\" sizes=\"192x192\"  href=\"/favicon/android-icon-192x192.png\">\n<link rel=\"icon\" type=\"image/png\" sizes=\"32x32\" href=\"/favicon/favicon-32x32.png\">\n<link rel=\"icon\" type=\"image/png\" sizes=\"96x96\" href=\"/favicon/favicon-96x96.png\">\n<link rel=\"icon\" type=\"image/png\" sizes=\"16x16\" href=\"/favicon/favicon-16x16.png\">\n<link rel=\"manifest\" href=\"/favicon/manifest.json\">\n<meta name=\"msapplication-TileColor\" content=\"#ffffff\">\n<meta name=\"msapplication-TileImage\" content=\"/favicon/ms-icon-144x144.png\">\n<meta name=\"theme-color\" content=\"#ffffff\">', 1646311339),
	(3, 1, 'product-card', '<!-- This is just here as a sample -->\n<div class=\"w-full sm:w-1/2 md:w-1/3 px-3 mb-8\">\n    <div class=\"p-6 bg-gray-50\">\n        <span class=\"px-2 py-1 text-xs font-bold font-heading border-2 border-red-500 rounded-full text-red-500 bg-white\">-15%</span>\n        <a class=\"block px-6 mt-6 mb-2\" href=\"#\">\n            <img class=\"mb-5 mx-auto h-56 w-full object-contain\" src=\"/yofte-assets/images/waterbottle.png\" alt=\"\">\n            <h3 class=\"mb-2 text-xl font-bold font-heading\">BRILE water filter</h3>\n            <p class=\"text-lg font-bold font-heading text-blue-500\">\n                <span>$29.89</span>\n                <span class=\"text-xs text-gray-500 font-semibold font-heading line-through\">$33.69</span>\n            </p>\n        </a>\n        <a class=\"ml-auto mr-2 flex items-center justify-center w-12 h-12 border rounded-lg hover:border-gray-500\" href=\"#\">\n            <svg width=\"12\" height=\"12\" viewbox=\"0 0 12 12\" fill=\"none\" xmlns=\"http://www.w3.org/2000/svg\"><rect x=\"5\" width=\"2\" height=\"12\" fill=\"#161616\"></rect><rect x=\"12\" y=\"5\" width=\"2\" height=\"12\" transform=\"rotate(90 12 5)\" fill=\"#161616\"></rect></svg>\n        </a>\n    </div>\n</div>', 1646324812),
	(4, 1, 'scripts', '<script src=\"/js/main.js\"></script>', 1646318195);

INSERT INTO `exp_specialty_templates` (`template_id`, `site_id`, `enable_template`, `template_name`, `data_title`, `template_type`, `template_subtype`, `template_data`, `template_notes`, `edit_date`, `last_author_id`) VALUES 
	(1, 1, 'y', 'offline_template', '', 'system', NULL, '<!doctype html>\n<html dir=\"ltr\">\n    <head>\n        <title>System Offline</title>\n        <meta content=\"width=device-width, initial-scale=1.0, maximum-scale=1.0, user-scalable=no\"  name=\"viewport\">\n\n        <style type=\"text/css\">\n:root, body {\n    --ee-panel-bg: #fff;\n    --ee-panel-border: #dfe0ef;\n    --ee-text-normal: #0d0d19;\n    --ee-main-bg: #f7f7fb;\n    --ee-link: #5D63F1;\n    --ee-link-hover: #171feb;\n}\n\n*, :after, :before {\n    box-sizing: inherit;\n}\n\nhtml {\n    box-sizing: border-box;\n    font-size: 15px;\n    height: 100%;\n    line-height: 1.15;\n}\n\nbody {\n    font-family: Roboto,system-ui,-apple-system,BlinkMacSystemFont,\"Segoe UI\",Roboto,Ubuntu,\"Helvetica Neue\",Oxygen,Cantarell,sans-serif;\n    height: 100%;\n    font-size: 1rem;\n    line-height: 1.6;\n    color: var(--ee-text-normal);\n    background: var(--ee-main-bg);\n    -webkit-font-smoothing: antialiased;\n    margin: 0;\n}\n\n.panel {\n    margin-bottom: 20px;\n    background-color: var(--ee-panel-bg);\n    border: 1px solid var(--ee-panel-border);\n    border-radius: 6px;\n}\n.redirect {\n	max-width: 700px;\n	min-width: 350px;\n    position: absolute;\n    top: 50%;\n    left: 50%;\n    transform: translate(-50%,-50%);\n}\n\n.panel-heading {\n    padding: 20px 25px;\n    position: relative;\n}\n\n.panel-body {\n    padding: 20px 25px;\n}\n\n.panel-body:after, .panel-body:before {\n    content: \" \";\n    display: table;\n}\n\n.redirect p {\n    margin-bottom: 20px;\n}\np {\n    line-height: 1.6;\n}\na, blockquote, code, h1, h2, h3, h4, h5, h6, ol, p, pre, ul {\n    color: inherit;\n    margin: 0;\n    padding: 0;\n    font-weight: inherit;\n}\n\na {\n    color: var(--ee-link);\n    text-decoration: none;\n    -webkit-transition: color .15s ease-in-out;\n    -moz-transition: color .15s ease-in-out;\n    -o-transition: color .15s ease-in-out;\n}\n\na:hover {\n    color: var(--ee-link-hover);\n}\n\nh3 {\n    font-size: 1.35em;\n    font-weight: 500;\n}\n\nol, ul {\n    padding-left: 0;\n}\n\nol li, ul li {\n    list-style-position: inside;\n}\n\n.panel-footer {\n    padding: 20px 25px;\n    position: relative;\n}\n\n\n        </style>\n    </head>\n    <body>\n        <section class=\"flex-wrap\">\n            <section class=\"wrap\">\n                <div class=\"panel redirect\">\n                    <div class=\"panel-heading\">\n                        <h3>System Offline</h3>\n                    </div>\n					<div class=\"panel-body\">\n					This site is currently offline\n                    </div>\n                </div>\n            </section>\n        </section>\n    </body>\n</html>', NULL, 1646306658, 0),
	(2, 1, 'y', 'message_template', '', 'system', NULL, '<!doctype html>\n<html dir=\"ltr\">\n    <head>\n        <title>{title}</title>\n        <meta http-equiv=\"content-type\" content=\"text/html; charset={charset}\">\n        <meta content=\"width=device-width, initial-scale=1.0, maximum-scale=1.0, user-scalable=no\"  name=\"viewport\">\n        <meta name=\"referrer\" content=\"no-referrer\">\n        {meta_refresh}\n        <style type=\"text/css\">\n:root, body {\n    --ee-panel-bg: #fff;\n    --ee-panel-border: #dfe0ef;\n    --ee-text-normal: #0d0d19;\n    --ee-main-bg: #f7f7fb;\n    --ee-link: #5D63F1;\n    --ee-link-hover: #171feb;\n}\n\n*, :after, :before {\n    box-sizing: inherit;\n}\n\nhtml {\n    box-sizing: border-box;\n    font-size: 15px;\n    height: 100%;\n    line-height: 1.15;\n}\n\nbody {\n    font-family: Roboto,system-ui,-apple-system,BlinkMacSystemFont,\"Segoe UI\",Roboto,Ubuntu,\"Helvetica Neue\",Oxygen,Cantarell,sans-serif;\n    height: 100%;\n    font-size: 1rem;\n    line-height: 1.6;\n    color: var(--ee-text-normal);\n    background: var(--ee-main-bg);\n    -webkit-font-smoothing: antialiased;\n    margin: 0;\n}\n\n.panel {\n    margin-bottom: 20px;\n    background-color: var(--ee-panel-bg);\n    border: 1px solid var(--ee-panel-border);\n    border-radius: 6px;\n}\n.redirect {\n	max-width: 700px;\n	min-width: 350px;\n    position: absolute;\n    top: 50%;\n    left: 50%;\n    transform: translate(-50%,-50%);\n}\n\n.panel-heading {\n    padding: 20px 25px;\n    position: relative;\n}\n\n.panel-body {\n    padding: 20px 25px;\n}\n\n.panel-body:after, .panel-body:before {\n    content: \" \";\n    display: table;\n}\n\n.redirect p {\n    margin-bottom: 20px;\n}\np {\n    line-height: 1.6;\n}\na, blockquote, code, h1, h2, h3, h4, h5, h6, ol, p, pre, ul {\n    color: inherit;\n    margin: 0;\n    padding: 0;\n    font-weight: inherit;\n}\n\na {\n    color: var(--ee-link);\n    text-decoration: none;\n    -webkit-transition: color .15s ease-in-out;\n    -moz-transition: color .15s ease-in-out;\n    -o-transition: color .15s ease-in-out;\n}\n\na:hover {\n    color: var(--ee-link-hover);\n}\n\nh3 {\n    font-size: 1.35em;\n    font-weight: 500;\n}\n\nol, ul {\n    padding-left: 0;\n}\n\nol li, ul li {\n    list-style-position: inside;\n}\n\n.panel-footer {\n    padding: 20px 25px;\n    position: relative;\n}\n\n\n        </style>\n    </head>\n    <body>\n        <section class=\"flex-wrap\">\n            <section class=\"wrap\">\n                <div class=\"panel redirect\">\n                    <div class=\"panel-heading\">\n                        <h3>{heading}</h3>\n                    </div>\n                    <div class=\"panel-body\">\n                        {content}\n\n\n                    </div>\n                    <div class=\"panel-footer\">\n                        {link}\n                    </div>\n                </div>\n            </section>\n        </section>\n    </body>\n</html>', NULL, 1646306658, 0),
	(3, 1, 'y', 'post_install_message_template', '', 'system', NULL, '<!doctype html>\n<html>\n	<head>\n		<title>Welcome to ExpressionEngine!</title>\n		<meta http-equiv=\"content-type\" content=\"text/html; charset=utf-8\" lang=\"en-us\" dir=\"ltr\">\n		<meta content=\"width=device-width, initial-scale=1.0, maximum-scale=1.0, user-scalable=no\"  name=\"viewport\">\n		<link href=\"{theme_folder_url}cp/css/common.min.css\" rel=\"stylesheet\">\n			</head>\n	<body class=\"installer-page\">\n		<section class=\"flex-wrap\">\n			<section class=\"wrap\">\n				<div class=\"login__logo\">\n  <svg width=\"281px\" height=\"36px\" viewBox=\"0 0 281 36\" version=\"1.1\" xmlns=\"http://www.w3.org/2000/svg\" xmlns:xlink=\"http://www.w3.org/1999/xlink\">\n  <title>ExpressionEngine</title>\n  <defs>\n      <polygon id=\"path-1\" points=\"0.3862 0.1747 18.6557 0.1747 18.6557 21.5 0.3862 21.5\"></polygon>\n      <polygon id=\"path-3\" points=\"0.3926 0.17455 13.9915 0.17455 13.9915 15.43755 0.3926 15.43755\"></polygon>\n      <polygon id=\"path-5\" points=\"0 0.06905 25.8202 0.06905 25.8202 31.6178513 0 31.6178513\"></polygon>\n      <polygon id=\"path-7\" points=\"0.10635 0.204 25.9268587 0.204 25.9268587 31.7517 0.10635 31.7517\"></polygon>\n  </defs>\n  <g id=\"logo\" stroke=\"none\" stroke-width=\"1\" fill=\"none\" fill-rule=\"evenodd\">\n      <g id=\"expressionengine\">\n          <path d=\"M92.88015,27.0665 L89.28865,20.955 L94.66665,14.6405 L94.77265,13.9 L91.11315,13.9 L87.86765,17.95 C87.76015,18.0845 87.57265,18.353 87.30415,19.2645 C87.33065,18.353 87.14315,18.0845 87.08965,17.9775 L84.80915,13.9 L80.59815,13.9 L84.62115,20.8475 L78.21065,28.3045 L82.42165,28.3045 L86.04315,23.905 C86.23065,23.664 86.52565,23.154 86.66065,22.5915 C86.66065,23.154 86.79465,23.6905 86.92865,23.905 L89.42265,28.3045 L92.70265,28.3045 L92.88015,27.0665 Z\" id=\"Fill-1\"></path>\n          <path d=\"M80.2395,11.9686 L70.9585,11.9686 L70.288,16.6091 L78.7645,16.6091 L77.4495,19.6141 L69.751,19.6141 C69.805,19.8011 69.805,20.0156 69.778,20.1231 L69.027,25.3011 L78.3345,25.3011 L77.9055,28.3046 L65.003,28.3046 L67.7925,8.9651 L80.6685,8.9651 L80.2395,11.9686 Z\" id=\"Fill-3\"></path>\n          <path d=\"M102.3328,16.20735 C101.5283,16.20735 100.5628,16.34085 99.3558,17.11935 L98.1493,25.46185 C98.8998,25.83735 99.9723,25.99835 100.8848,25.99835 C103.0573,25.99835 104.2378,24.60235 104.7478,20.98085 C104.8548,20.28385 104.9083,19.69385 104.9083,19.18485 C104.9083,17.03835 104.0508,16.20735 102.3328,16.20735 M108.3418,20.98085 C107.6718,25.70235 105.5783,28.73385 100.5093,28.73385 C99.5708,28.73385 98.4978,28.54635 97.5313,28.08985 C97.6128,28.38435 97.6933,28.73385 97.6393,29.02935 L96.8073,34.79585 L93.2133,34.79585 L96.2178,13.89985 L98.7928,13.89985 L99.0878,15.08085 C100.3213,14.00685 101.7703,13.47035 103.1113,13.47035 C106.9473,13.47035 108.5023,15.69685 108.5023,19.05035 C108.5023,19.66735 108.4483,20.31135 108.3418,20.98085\" id=\"Fill-5\"></path>\n          <path d=\"M119.33865,16.69 C118.74815,16.609 118.13215,16.555 117.48715,16.555 C116.46815,16.555 115.39515,16.716 114.45615,17.28 L112.87415,28.3045 L109.27965,28.3045 L111.34515,13.8995 L114.29515,13.8995 L114.51115,15.0535 C115.71715,13.8995 116.92465,13.4705 118.21215,13.4705 C118.72265,13.4705 119.25865,13.5515 119.79515,13.659 L119.33865,16.69 Z\" id=\"Fill-7\"></path>\n          <path d=\"M127.43385,16.31455 C125.39585,16.31455 124.40285,17.09155 123.81285,19.61405 L129.71435,19.61405 C129.76785,19.29205 129.79435,18.99655 129.79435,18.72855 C129.79435,17.14555 129.01685,16.31455 127.43385,16.31455 M133.03985,22.13505 L123.35635,22.13505 C123.30235,22.56405 123.27685,22.93955 123.27685,23.28855 C123.27685,25.05905 124.08085,25.89105 126.06585,25.89105 C127.91685,25.89105 128.96335,25.08605 129.74035,23.90505 L132.44985,25.00505 C131.18885,27.41855 128.82885,28.73355 125.66385,28.73355 C121.58635,28.73355 119.73535,26.56055 119.73535,22.93955 C119.73535,22.34955 119.78885,21.73305 119.86985,21.08855 C120.64685,15.80405 122.95485,13.47055 127.86285,13.47055 C132.31635,13.47055 133.33585,16.60905 133.33585,19.29205 C133.33585,20.09655 133.17435,21.16955 133.03985,22.13505\" id=\"Fill-9\"></path>\n          <path d=\"M144.11795,17.70905 C143.60895,16.79705 142.66995,16.28705 141.19395,16.28705 C140.04145,16.28705 138.64595,16.52905 138.64595,17.97755 C138.64595,18.48755 138.88745,18.91655 139.53145,19.02405 L142.64245,19.58655 C144.60095,19.93605 146.20995,21.03455 146.20995,23.12755 C146.20995,27.23155 142.80295,28.73355 139.23545,28.73355 C136.71445,28.73355 134.73045,27.87555 133.76445,25.62255 L136.76845,24.52255 C137.33245,25.54155 138.24395,25.99805 139.61245,25.99805 C140.95345,25.99805 142.61595,25.59505 142.61595,23.93255 C142.61595,23.34255 142.34795,22.91355 141.56945,22.77855 L138.21645,22.16255 C136.66095,21.86655 135.13145,20.68655 135.13145,18.46005 C135.13145,14.65055 138.27045,13.47055 141.59695,13.47055 C144.57445,13.47055 146.20995,14.67805 146.93445,16.39455 L144.11795,17.70905 Z\" id=\"Fill-11\"></path>\n          <path d=\"M157.28835,17.70905 C156.77935,16.79705 155.84135,16.28705 154.36435,16.28705 C153.21235,16.28705 151.81785,16.52905 151.81785,17.97755 C151.81785,18.48755 152.05935,18.91655 152.70335,19.02405 L155.81435,19.58655 C157.77285,19.93605 159.38185,21.03455 159.38185,23.12755 C159.38185,27.23155 155.97385,28.73355 152.40635,28.73355 C149.88635,28.73355 147.90085,27.87555 146.93585,25.62255 L149.93885,24.52255 C150.50285,25.54155 151.41585,25.99805 152.78285,25.99805 C154.12535,25.99805 155.78685,25.59505 155.78685,23.93255 C155.78685,23.34255 155.51985,22.91355 154.74135,22.77855 L151.38835,22.16255 C149.83185,21.86655 148.30235,20.68655 148.30235,18.46005 C148.30235,14.65055 151.44085,13.47055 154.76885,13.47055 C157.74485,13.47055 159.38185,14.67805 160.10535,16.39455 L157.28835,17.70905 Z\" id=\"Fill-13\"></path>\n          <path d=\"M168.0188,11.0294 C167.9908,11.2714 167.9908,11.2714 167.7768,11.2714 L164.2888,11.2714 C164.0743,11.2714 164.0743,11.2714 164.1018,11.0294 L164.5858,7.7039 C164.6108,7.4359 164.6108,7.4084 164.8253,7.4084 L168.3133,7.4084 C168.5278,7.4084 168.5278,7.4359 168.5003,7.7039 L168.0188,11.0294 Z M167.2953,28.5464 L165.4688,28.5464 C163.3783,28.5464 162.3583,27.6334 162.3583,25.7564 C162.3583,25.4619 162.3853,25.1659 162.4378,24.8169 L163.5128,17.3874 C163.5378,17.1729 163.6728,16.8509 163.8873,16.6089 L161.2853,16.6089 L161.6618,13.8999 L167.5898,13.8999 L166.0328,24.8169 C166.0083,24.9514 166.0083,25.0864 166.0083,25.1934 C166.0083,25.5154 166.1398,25.6229 166.5443,25.6229 L167.6968,25.6229 L167.2953,28.5464 Z\" id=\"Fill-15\"></path>\n          <path d=\"M176.8977,16.31455 C174.6972,16.31455 173.6242,17.44105 173.0882,21.08855 C172.9807,21.81305 172.9262,22.45705 172.9262,22.99305 C172.9262,25.16605 173.7837,25.89105 175.5282,25.89105 C177.7007,25.89105 178.8562,24.76305 179.3922,21.08855 C179.4997,20.39105 179.5522,19.77455 179.5522,19.23855 C179.5522,17.03805 178.6662,16.31455 176.8977,16.31455 M182.9852,21.08855 C182.2617,26.07805 180.0887,28.73355 175.1262,28.73355 C170.8872,28.73355 169.3582,26.13155 169.3582,22.85955 C169.3582,22.29555 169.4132,21.67955 169.4927,21.08855 C170.2167,16.01905 172.3647,13.47055 177.3267,13.47055 C181.5377,13.47055 183.1197,15.93905 183.1197,19.26455 C183.1197,19.85455 183.0672,20.44455 182.9852,21.08855\" id=\"Fill-17\"></path>\n          <path d=\"M197.21265,19.23835 L195.89815,28.30435 L192.33015,28.30435 L193.64515,19.23835 C193.70015,18.91635 193.72465,18.59485 193.72465,18.29935 C193.72465,17.06535 193.24365,16.26085 191.90115,16.26085 C190.80115,16.26085 189.51415,16.87685 188.46865,17.52085 L186.91165,28.30435 L183.34415,28.30435 L185.41015,13.89985 L188.36115,13.89985 L188.60315,15.21435 C190.26465,13.89985 191.60665,13.47035 193.10865,13.47035 C196.11265,13.47035 197.32015,15.37535 197.32015,17.92385 C197.32015,18.35285 197.26715,18.78185 197.21265,19.23835\" id=\"Fill-19\"></path>\n          <path d=\"M214.45925,11.9686 L205.17825,11.9686 L204.51025,16.6091 L212.98475,16.6091 L211.67025,19.6141 L203.97075,19.6141 C204.02625,19.8011 204.02625,20.0156 203.99875,20.1231 L203.24775,25.3011 L212.55525,25.3011 L212.12675,28.3046 L199.22325,28.3046 L202.01525,8.9651 L214.89075,8.9651 L214.45925,11.9686 Z\" id=\"Fill-21\"></path>\n          <path d=\"M227.8411,19.23835 L226.5266,28.30435 L222.9586,28.30435 L224.2736,19.23835 C224.3261,18.91635 224.3531,18.59485 224.3531,18.29935 C224.3531,17.06535 223.8696,16.26085 222.5301,16.26085 C221.4296,16.26085 220.1426,16.87685 219.0946,17.52085 L217.5401,28.30435 L213.9726,28.30435 L216.0386,13.89985 L218.9871,13.89985 L219.2291,15.21435 C220.8931,13.89985 222.2331,13.47035 223.7371,13.47035 C226.7411,13.47035 227.9486,15.37535 227.9486,17.92385 C227.9486,18.35285 227.8936,18.78185 227.8411,19.23835\" id=\"Fill-23\"></path>\n          <g id=\"Group-27\" transform=\"translate(227.500000, 13.296000)\">\n              <mask id=\"mask-2\" fill=\"white\">\n                  <use xlink:href=\"#path-1\"></use>\n              </mask>\n              <g id=\"Clip-26\"></g>\n              <path d=\"M9.7742,2.9912 C7.7607,2.9912 6.6082,4.1452 6.6082,6.1297 C6.6082,7.4702 7.4667,8.0342 9.0232,8.0342 C11.0342,8.0342 12.1612,6.9617 12.1612,4.9772 C12.1612,3.6622 11.3832,2.9912 9.7742,2.9912 L9.7742,2.9912 Z M10.1207,15.0622 L5.0787,14.1227 C4.2757,14.9812 3.9262,15.5447 3.9262,16.7522 C3.9262,18.1197 4.8917,18.7372 7.4667,18.7372 C9.1557,18.7372 11.4907,18.4687 11.4907,16.2957 C11.4907,15.6262 11.1412,15.2507 10.1207,15.0622 L10.1207,15.0622 Z M18.3312,3.3132 L16.5872,3.3132 C16.3457,3.3132 15.7542,3.2867 15.3002,3.0722 C15.5672,3.7157 15.6742,4.4392 15.6742,5.0307 C15.6742,9.2142 12.3482,10.8237 8.6187,10.8237 C7.7882,10.8237 6.9852,10.7437 6.2862,10.5827 C6.1792,10.5552 6.0717,10.5292 5.9372,10.5292 C5.5352,10.5292 5.2932,10.7437 5.2932,11.1452 C5.2932,11.4137 5.4282,11.6017 6.0167,11.7092 L11.1962,12.6747 C14.0652,13.2112 15.0577,14.4447 15.0577,16.0277 C15.0577,20.6682 10.7122,21.5002 7.0647,21.5002 C4.1682,21.5002 0.3862,20.7217 0.3862,17.1002 C0.3862,15.2232 1.3767,13.6142 2.9857,12.6482 C2.6637,12.2457 2.5042,11.7902 2.5042,11.3597 C2.5042,10.3947 3.2007,9.6437 4.0062,9.2142 C3.4972,8.5707 3.0682,7.5517 3.0682,6.3717 C3.0682,2.1602 6.3387,0.1747 10.1757,0.1747 C11.5177,0.1747 12.9372,0.4167 13.9852,1.0862 L16.0537,0.6212 L18.6557,0.6212 L18.3312,3.3132 Z\" id=\"Fill-25\" mask=\"url(#mask-2)\"></path>\n          </g>\n          <path d=\"M251.54175,11.0294 C251.51675,11.2714 251.51675,11.2714 251.30225,11.2714 L247.81475,11.2714 C247.59975,11.2714 247.59975,11.2714 247.62725,11.0294 L248.10925,7.7039 C248.13625,7.4359 248.13625,7.4084 248.35075,7.4084 L251.83875,7.4084 C252.05275,7.4084 252.05275,7.4359 252.02575,7.7039 L251.54175,11.0294 Z M250.81825,28.5464 L248.99425,28.5464 C246.90175,28.5464 245.88375,27.6334 245.88375,25.7564 C245.88375,25.4619 245.91075,25.1659 245.96375,24.8169 L247.03575,17.3874 C247.06375,17.1729 247.19825,16.8509 247.41275,16.6089 L244.81075,16.6089 L245.18475,13.8999 L251.11275,13.8999 L249.55825,24.8169 C249.53125,24.9514 249.53125,25.0864 249.53125,25.1934 C249.53125,25.5154 249.66575,25.6229 250.06725,25.6229 L251.21975,25.6229 L250.81825,28.5464 Z\" id=\"Fill-28\"></path>\n          <path d=\"M266.32595,19.23835 L265.01095,28.30435 L261.44345,28.30435 L262.75845,19.23835 C262.81345,18.91635 262.83795,18.59485 262.83795,18.29935 C262.83795,17.06535 262.35695,16.26085 261.01445,16.26085 C259.91445,16.26085 258.62695,16.87685 257.58195,17.52085 L256.02445,28.30435 L252.45745,28.30435 L254.52345,13.89985 L257.47445,13.89985 L257.71645,15.21435 C259.37795,13.89985 260.71995,13.47035 262.22195,13.47035 C265.22595,13.47035 266.43345,15.37535 266.43345,17.92385 C266.43345,18.35285 266.38045,18.78185 266.32595,19.23835\" id=\"Fill-30\"></path>\n          <g id=\"Group-34\" transform=\"translate(267.000000, 13.296000)\">\n              <mask id=\"mask-4\" fill=\"white\">\n                  <use xlink:href=\"#path-3\"></use>\n              </mask>\n              <g id=\"Clip-33\"></g>\n              <path d=\"M8.0916,3.01855 C6.0531,3.01855 5.0606,3.79555 4.4691,6.31805 L10.3716,6.31805 C10.4241,5.99605 10.4516,5.70055 10.4516,5.43255 C10.4516,3.84955 9.6731,3.01855 8.0916,3.01855 M13.6971,8.83905 L4.0126,8.83905 C3.9596,9.26805 3.9326,9.64355 3.9326,9.99255 C3.9326,11.76305 4.7381,12.59505 6.7216,12.59505 C8.5731,12.59505 9.6211,11.79005 10.3961,10.60905 L13.1056,11.70905 C11.8461,14.12255 9.4861,15.43755 6.3201,15.43755 C2.2436,15.43755 0.3926,13.26455 0.3926,9.64355 C0.3926,9.05355 0.4446,8.43705 0.5271,7.79255 C1.3031,2.50805 3.6106,0.17455 8.5201,0.17455 C12.9736,0.17455 13.9916,3.31305 13.9916,5.99605 C13.9916,6.80055 13.8316,7.87355 13.6971,8.83905\" id=\"Fill-32\" mask=\"url(#mask-4)\"></path>\n          </g>\n          <path d=\"M20.60205,17.64605 C21.11355,14.75605 22.01655,12.45255 23.28405,10.79305 C24.18105,9.60555 25.17405,9.00405 26.23755,9.00405 C26.80055,9.00405 27.27705,9.22055 27.65305,9.64955 C28.01805,10.06905 28.20405,10.64605 28.20405,11.36305 C28.20405,13.02405 27.45705,14.53555 25.98455,15.86155 C24.91705,16.81355 23.20305,17.51055 20.89205,17.93305 L20.53855,17.99805 L20.60205,17.64605 Z M30.67305,21.68355 C29.37505,22.92855 28.23905,23.80705 27.31805,24.24655 C26.34905,24.70655 25.34805,24.93855 24.34355,24.93855 C23.11755,24.93855 22.12155,24.54805 21.38655,23.77655 C20.65105,23.00705 20.27805,21.90355 20.27805,20.49455 L20.37305,19.08355 L20.56855,19.05005 C24.00755,18.47005 26.60155,17.80655 28.27555,17.07555 C29.93155,16.35405 31.14005,15.49505 31.86855,14.52405 C32.59155,13.56105 32.95655,12.59155 32.95655,11.65055 C32.95655,10.50805 32.52355,9.59355 31.63105,8.84705 C30.73555,8.10155 29.44355,7.72455 27.79455,7.72455 C25.50305,7.72455 23.33455,8.25905 21.34955,9.31405 C19.36805,10.36805 17.78305,11.82905 16.64005,13.65605 C15.50005,15.48105 14.92155,17.41555 14.92155,19.40105 C14.92155,21.61755 15.60505,23.39505 16.95205,24.68005 C18.30455,25.96905 20.19355,26.62005 22.56705,26.62005 C24.25255,26.62005 25.84755,26.28155 27.30805,25.61355 C28.70455,24.97455 30.14905,23.86705 31.60805,22.37255 C31.33005,22.16805 30.87005,21.82855 30.67305,21.68355 L30.67305,21.68355 Z\" id=\"Fill-35\"></path>\n          <g id=\"Group-39\" transform=\"translate(0.000000, 2.796000)\">\n              <mask id=\"mask-6\" fill=\"white\">\n                  <use xlink:href=\"#path-5\"></use>\n              </mask>\n              <g id=\"Clip-38\"></g>\n              <path d=\"M7.2737,19.35005 C5.3202,11.70605 9.9462,3.71505 17.8897,0.06905 C17.6907,0.14055 17.5042,0.22255 17.3077,0.29605 C17.5087,0.20005 17.6882,0.11955 17.8272,0.07205 L2.9432,3.91255 L6.9112,6.26005 C1.7147,10.66105 -0.9663,16.11555 0.3187,21.14505 C2.3302,29.02005 13.3457,33.12605 25.8202,31.10805 C17.1117,31.75655 9.2257,26.99355 7.2737,19.35005\" id=\"Fill-37\" mask=\"url(#mask-6)\"></path>\n          </g>\n          <g id=\"Group-42\" transform=\"translate(23.500000, 0.296000)\">\n              <mask id=\"mask-8\" fill=\"white\">\n                  <use xlink:href=\"#path-7\"></use>\n              </mask>\n              <g id=\"Clip-41\"></g>\n              <path d=\"M18.65285,12.4697 C20.60635,20.1147 15.98135,28.1052 8.03735,31.7517 C8.23585,31.6797 8.42235,31.5977 8.61885,31.5232 C8.41785,31.6212 8.23835,31.7002 8.09935,31.7482 L22.98335,27.9087 L19.01585,25.5612 C24.21185,21.1597 26.89285,15.7042 25.60835,10.6747 C23.59635,2.8027 12.58085,-1.3053 0.10635,0.7142 C8.81435,0.0637 16.70135,4.8267 18.65285,12.4697\" id=\"Fill-40\" mask=\"url(#mask-8)\"></path>\n          </g>\n      </g>\n    </g>\n  </svg>\n</div>\n				<div class=\"panel warn\">\n  <div class=\"panel-heading\" style=\"text-align: center;\">\n    <h3>ExpressionEngine has been installed!</h3>\n  </div>\n  <div class=\"panel-body\">\n    <div class=\"updater-msg\">\n  		<p style=\"margin-bottom: 20px;\">If you see this message, then everything went well.</p>\n\n  		<div class=\"alert alert--attention\">\n            <div class=\"alert__icon\">\n              <i class=\"fas fa-info-circle fa-fw\"></i>\n            </div>\n            <div class=\"alert__content\">\n    			<p>If you are site owner, please login into your Control Panel and create your first template.</p>\n    		</div>\n  		</div>\n  		<div class=\"alert alert--attention\">\n            <div class=\"alert__icon\">\n              <i class=\"fas fa-info-circle fa-fw\"></i>\n            </div>\n            <div class=\"alert__content\">\n    			<p>If this is your first time using ExpressionEngine CMS, make sure to <a href=\"https://docs.expressionengine.com/latest/getting-started/the-big-picture.html\">check out the documentation</a> to get started.</p>\n    		</div>\n  		</div>\n  	</div>\n  </div>\n  <div class=\"panel-footer\">\n\n  </div>\n</div>\n			</div>\n			<section class=\"bar\">\n				<p style=\"float: left;\"><a href=\"https://expressionengine.com/\" rel=\"external\"><b>ExpressionEngine</b></a></p>\n				<p style=\"float: right;\">&copy;2021 <a href=\"https://packettide.com/\" rel=\"external\">Packet Tide</a>, LLC</p>\n			</section>\n		</section>\n\n	</body>\n</html>', NULL, 1646306658, 0),
	(4, 1, 'y', 'mfa_template', '', 'system', NULL, '<!doctype html>\n        <html dir=\"ltr\">\n            <head>\n                <title>{title}</title>\n                <meta http-equiv=\"content-type\" content=\"text/html; charset={charset}\">\n                <meta content=\"width=device-width, initial-scale=1.0, maximum-scale=1.0, user-scalable=no\"  name=\"viewport\">\n                <meta name=\"referrer\" content=\"no-referrer\">\n                {meta_refresh}\n                <style type=\"text/css\">\n        :root, body {\n            --ee-panel-bg: #fff;\n            --ee-panel-border: #dfe0ef;\n            --ee-text-normal: #0d0d19;\n            --ee-text-secondary: #8f90b0;\n            --ee-main-bg: #f7f7fb;\n            --ee-link: #5D63F1;\n            --ee-link-hover: #171feb;\n            --ee-bg-blank: #fff;\n            --ee-code-border: #dfe0ef;\n        \n            --ee-input-color: #0d0d19;\n            --ee-input-bg: #fff;\n            --ee-input-placeholder: #adaec5;\n            --ee-input-border: #cbcbda;\n            --ee-input-border-accent: #ecedf5;\n            --ee-input-focus-border: #5D63F1;\n            --ee-input-focus-shadow: 0 3px 6px -3px rgba(174,151,255,0.14),0 5px 10px -3px rgba(97,114,242,0.05);\n            --ee-button-primary-color: #fff;\n            --ee-button-primary-bg: #5D63F1;\n            --ee-button-primary-border: #5D63F1;\n        \n            --ee-bg-0: #f7f7fb;\n            --ee-border: #dfe0ef;\n            --ee-error: #FA5252;\n            --ee-error-light: #fee7e7;\n            --ee-warning: #FFB40B;\n            --ee-warning-light: #fff6e1;\n        }\n\n        @font-face{font-family:Roboto;font-style:normal;font-weight:400;src:url({url_themes}webfonts/roboto-v20-latin-regular.eot);src:local(\"Roboto\"),local(\"Roboto-Regular\"),url({url_themes}webfonts/roboto-v20-latin-regular.eot?#iefix) format(\"embedded-opentype\"),url({url_themes}webfonts/roboto-v20-latin-regular.woff2) format(\"woff2\"),url({url_themes}webfonts/roboto-v20-latin-regular.woff) format(\"woff\"),url({url_themes}webfonts/roboto-v20-latin-regular.ttf) format(\"truetype\"),url({url_themes}webfonts/roboto-v20-latin-regular.svg#Roboto) format(\"svg\")}@font-face{font-family:Roboto;font-style:italic;font-weight:400;src:url({url_themes}webfonts/roboto-v20-latin-italic.eot);src:local(\"Roboto Italic\"),local(\"Roboto-Italic\"),url({url_themes}webfonts/roboto-v20-latin-italic.eot?#iefix) format(\"embedded-opentype\"),url({url_themes}webfonts/roboto-v20-latin-italic.woff2) format(\"woff2\"),url({url_themes}webfonts/roboto-v20-latin-italic.woff) format(\"woff\"),url({url_themes}webfonts/roboto-v20-latin-italic.ttf) format(\"truetype\"),url({url_themes}webfonts/roboto-v20-latin-italic.svg#Roboto) format(\"svg\")}@font-face{font-family:Roboto;font-style:normal;font-weight:500;src:url({url_themes}webfonts/roboto-v20-latin-500.eot);src:local(\"Roboto Medium\"),local(\"Roboto-Medium\"),url({url_themes}webfonts/roboto-v20-latin-500.eot?#iefix) format(\"embedded-opentype\"),url({url_themes}webfonts/roboto-v20-latin-500.woff2) format(\"woff2\"),url({url_themes}webfonts/roboto-v20-latin-500.woff) format(\"woff\"),url({url_themes}webfonts/roboto-v20-latin-500.ttf) format(\"truetype\"),url({url_themes}webfonts/roboto-v20-latin-500.svg#Roboto) format(\"svg\")}@font-face{font-family:Roboto;font-style:italic;font-weight:500;src:url({url_themes}webfonts/roboto-v20-latin-500italic.eot);src:local(\"Roboto Medium Italic\"),local(\"Roboto-MediumItalic\"),url({url_themes}webfonts/roboto-v20-latin-500italic.eot?#iefix) format(\"embedded-opentype\"),url({url_themes}webfonts/roboto-v20-latin-500italic.woff2) format(\"woff2\"),url({url_themes}webfonts/roboto-v20-latin-500italic.woff) format(\"woff\"),url({url_themes}webfonts/roboto-v20-latin-500italic.ttf) format(\"truetype\"),url({url_themes}webfonts/roboto-v20-latin-500italic.svg#Roboto) format(\"svg\")}@font-face{font-family:Roboto;font-style:normal;font-weight:700;src:url({url_themes}webfonts/roboto-v20-latin-700.eot);src:local(\"Roboto Bold\"),local(\"Roboto-Bold\"),url({url_themes}webfonts/roboto-v20-latin-700.eot?#iefix) format(\"embedded-opentype\"),url({url_themes}webfonts/roboto-v20-latin-700.woff2) format(\"woff2\"),url({url_themes}webfonts/roboto-v20-latin-700.woff) format(\"woff\"),url({url_themes}webfonts/roboto-v20-latin-700.ttf) format(\"truetype\"),url({url_themes}webfonts/roboto-v20-latin-700.svg#Roboto) format(\"svg\")}@font-face{font-family:Roboto;font-style:italic;font-weight:700;src:url({url_themes}webfonts/roboto-v20-latin-700italic.eot);src:local(\"Roboto Bold Italic\"),local(\"Roboto-BoldItalic\"),url({url_themes}webfonts/roboto-v20-latin-700italic.eot?#iefix) format(\"embedded-opentype\"),url({url_themes}webfonts/roboto-v20-latin-700italic.woff2) format(\"woff2\"),url({url_themes}webfonts/roboto-v20-latin-700italic.woff) format(\"woff\"),url({url_themes}webfonts/roboto-v20-latin-700italic.ttf) format(\"truetype\"),url({url_themes}webfonts/roboto-v20-latin-700italic.svg#Roboto) format(\"svg\")}\n        @font-face{font-family:\'Font Awesome 5 Free\';font-style:normal;font-weight:900;font-display:auto;src:url({url_themes}webfonts/fa-solid-900.eot);src:url({url_themes}webfonts/fa-solid-900.eot?#iefix) format(\"embedded-opentype\"),url({url_themes}webfonts/fa-solid-900.woff2) format(\"woff2\"),url({url_themes}webfonts/fa-solid-900.woff) format(\"woff\"),url({url_themes}webfonts/fa-solid-900.ttf) format(\"truetype\"),url({url_themes}webfonts/fa-solid-900.svg#fontawesome) format(\"svg\")}\n        \n        *, :after, :before {\n            box-sizing: inherit;\n        }\n        \n        html {\n            box-sizing: border-box;\n            font-size: 15px;\n            height: 100%;\n            line-height: 1.15;\n        }\n        \n        body {\n            font-family: Roboto,system-ui,-apple-system,BlinkMacSystemFont,\"Segoe UI\",Roboto,Ubuntu,\"Helvetica Neue\",Oxygen,Cantarell,sans-serif;\n            height: 100%;\n            font-size: 1rem;\n            line-height: 1.6;\n            color: var(--ee-text-normal);\n            background: var(--ee-main-bg);\n            -webkit-font-smoothing: antialiased;\n            margin: 0;\n        }\n        \n        .panel {\n            margin-bottom: 20px;\n            background-color: var(--ee-panel-bg);\n            border: 1px solid var(--ee-panel-border);\n            border-radius: 6px;\n        }\n        .redirect {\n            max-width: 700px;\n            min-width: 350px;\n            position: absolute;\n            left: 50%;\n            top: 0;\n            transform: translate(-50%);\n            height: 100vh;\n            overflow-y: auto;\n            background: transparent;\n            border: none;\n            border-radius: 0;\n            display: flex;\n        }\n        \n        .redirect-inner {\n          background-color: var(--ee-panel-bg);\n          border: 1px solid var(--ee-panel-border);\n          border-radius: 6px;\n          height: auto;\n          margin-top: auto;\n          margin-bottom: auto;\n        }\n\n        .redirect-inner .qr-code-wrap {\n            text-align: center;\n        }\n        \n        .panel-heading {\n            padding: 20px 25px;\n            position: relative;\n        }\n        \n        .panel-body {\n            padding: 20px 25px;\n        }\n        \n        .panel-body:after, .panel-body:before {\n            content: \" \";\n            display: table;\n        }\n        \n        .redirect p {\n            margin-bottom: 20px;\n        }\n        p {\n            line-height: 1.6;\n        }\n        a, blockquote, code, h1, h2, h3, h4, h5, h6, ol, p, pre, ul {\n            color: inherit;\n            margin: 0;\n            padding: 0;\n            font-weight: inherit;\n        }\n\n        code {\n            font-size: inherit;\n            margin: 0 2px;\n            padding: 3px 6px;\n            border-radius: 5px;\n            border: 1px solid var(--ee-code-border);\n            background-color: var(--ee-bg-blank);\n            font-size: .96em;\n            white-space: normal;\n        }\n        \n        a {\n            color: var(--ee-link);\n            text-decoration: none;\n            -webkit-transition: color .15s ease-in-out;\n            -moz-transition: color .15s ease-in-out;\n            -o-transition: color .15s ease-in-out;\n        }\n        \n        a:hover {\n            color: var(--ee-link-hover);\n        }\n        \n        h3 {\n            font-size: 1.35em;\n            font-weight: 500;\n        }\n        \n        ol, ul {\n            padding-left: 0;\n        }\n        \n        ol li, ul li {\n            list-style-position: inside;\n        }\n        \n        .panel-footer {\n            padding: 20px 25px;\n            position: relative;\n        }\n        \n        fieldset {\n            margin: 0;\n            padding: 0;\n            margin-bottom: 20px;\n            border: 0;\n        }\n        \n        fieldset.last {\n            margin-bottom: 0;\n        }\n        \n        .field-instruct {\n            margin-bottom: 5px;\n        }\n        \n        .field-instruct label {\n            display: block;\n            color: var(--ee-text-normal);\n            margin-bottom: 5px;\n            font-weight: 500;\n        }\n        \n        .field-instruct :last-child {\n            margin-bottom: 0;\n        }\n\n        .field-instruct em {\n            color: var(--ee-text-secondary);\n            display: block;\n            font-size: .8rem;\n            font-style: normal;\n            margin-bottom: 10px;\n        }\n\n        .field-instruct label+em {\n            margin-top: -5px;\n        }\n        \n        button, input, optgroup, select, textarea {\n            font-family: inherit;\n            font-size: 100%;\n            line-height: 1.15;\n            margin: 0;\n        }\n        \n        input[type=text], input[type=password] {\n            display: block;\n            width: 100%;\n            padding: 8px 15px;\n            font-size: 1rem;\n            line-height: 1.6;\n            color: var(--ee-input-color);\n            background-color: var(--ee-input-bg);\n            background-image: none;\n            transition: border-color .2s ease,box-shadow .2s ease;\n            -webkit-appearance: none;\n            border: 1px solid var(--ee-input-border);\n            border-radius: 5px;\n        }\n        \n        input[type=text]:focus, input[type=password]:focus {\n            border-color: var(--ee-input-focus-border);\n        }\n        \n        input:focus {\n            outline: 0;\n        }\n        \n        .button {\n            -webkit-appearance: none;\n            display: inline-block;\n            font-weight: 500;\n            text-align: center;\n            vertical-align: middle;\n            touch-action: manipulation;\n            background-image: none;\n            cursor: pointer;\n            border: 1px solid transparent;\n            white-space: nowrap;\n            -webkit-transition: background-color .15s ease-in-out;\n            -moz-transition: background-color .15s ease-in-out;\n            -o-transition: background-color .15s ease-in-out;\n            -webkit-user-select: none;\n            -moz-user-select: none;\n            -ms-user-select: none;\n            user-select: none;\n            padding: 8px 20px!important;\n            font-size: 1rem;\n            line-height: 1.6;\n            border-radius: 5px;\n        }\n        \n        .button--wide {\n            display: block;\n            width: 100%;\n        }\n        \n        .button--large {\n            padding: 10px 25px!important;\n            font-size: 1.2rem;\n            line-height: 1.7;\n            border-radius: 6px;\n        }\n        \n        .button--primary {\n            color: var(--ee-button-primary-color);\n            background-color: var(--ee-button-primary-bg);\n            border-color: var(--ee-button-primary-border);\n        }\n        \n        .button.disabled {\n            cursor: not-allowed;\n            opacity: .55;\n            box-shadow: none;\n        }\n        \n        .app-notice {\n            border: 1px solid var(--ee-border);\n            overflow: hidden;\n            background-color: var(--ee-bg-0);\n            border-radius: 5px;\n            display: flex;\n            margin-bottom: 20px;\n        }\n        \n        .app-notice---error {\n            border-color: var(--ee-error);\n            background-color: var(--ee-error-light);\n        }\n        \n        .app-notice---error .app-notice__tag {\n            color: var(--ee-error);\n        }\n\n        .app-notice---important {\n            border-color: var(--ee-warning);\n            background-color: var(--ee-warning-light);\n        }\n\n        .app-notice---important .app-notice__tag {\n            color: var(--ee-warning);\n        }\n        \n        .app-notice__tag {\n            padding: 15px 20px;\n            display: flex;\n            align-items: center;\n            justify-content: center;\n            font-size: 16px;\n        }\n        \n        .app-notice__icon {\n            position: relative;\n        }\n\n        .app-notice__icon::before {\n            font-family: \'Font Awesome 5 Free\';\n            font-weight: 900;\n            content: \"\\\\f06a\";\n            position: relative;\n            z-index: 2;\n        }\n        \n        .app-notice---error .app-notice__icon::after {\n            background: var(--ee-error-light);\n        }\n        \n        .app-notice__tag+.app-notice__content {\n            padding-left: 0;\n        }\n        \n        .app-notice__content {\n            flex: 1 1;\n            padding: 15px 20px;\n        }\n\n        .app-notice__content p {\n            margin: 0;\n            color: var(--ee-text-primary);\n            opacity: .6;\n        }\n        \n                </style>\n            </head>\n            <body>\n                <section class=\"flex-wrap\">\n                    <section class=\"wrap\">\n                        <div class=\"panel redirect\">\n                            <div class=\"redirect-inner\">\n                                <div class=\"panel-heading\">\n                                    <h3>{heading}</h3>\n                                </div>\n                                <div class=\"panel-body\">\n                                    {content}\n                                </div>\n                                <div class=\"panel-footer\">\n                                    {link}\n                                </div>\n                            </div>\n                        </div>\n                    </section>\n                </section>\n            </body>\n        </html>', NULL, 1646306658, 0),
	(5, 1, 'y', 'admin_notify_reg', 'Notification of new member registration', 'email', 'members', 'New member registration site: {site_name}\n\nScreen name: {name}\nUser name: {username}\nEmail: {email}\n\nYour control panel URL: {control_panel_url}', NULL, 1646306658, 0),
	(6, 1, 'y', 'admin_notify_entry', 'A new channel entry has been posted', 'email', 'content', 'A new entry has been posted in the following channel:\n{channel_name}\n\nThe title of the entry is:\n{entry_title}\n\nPosted by: {name}\nEmail: {email}\n\nTo read the entry please visit:\n{entry_url}\n', NULL, 1646306658, 0),
	(7, 1, 'y', 'admin_notify_comment', 'You have just received a comment', 'email', 'comments', 'You have just received a comment for the following channel:\n{channel_name}\n\nThe title of the entry is:\n{entry_title}\n\nLocated at:\n{comment_url}\n\nPosted by: {name}\nEmail: {email}\nURL: {url}\nLocation: {location}\n\n{comment}', NULL, 1646306658, 0),
	(8, 1, 'y', 'mbr_activation_instructions', 'Enclosed is your activation code', 'email', 'members', 'Thank you for your new member registration.\n\nTo activate your new account, please visit the following URL:\n\n{unwrap}{activation_url}{/unwrap}\n\nThank You!\n\n{site_name}\n\n{site_url}', NULL, 1646306658, 0),
	(9, 1, 'y', 'forgot_password_instructions', 'Login information', 'email', 'members', 'To reset your password, please go to the following page:\n\n{reset_url}\n\nThen log in with your username: {username}\n\nIf you do not wish to reset your password, ignore this message. It will expire in 24 hours.\n\n{site_name}\n{site_url}', NULL, 1646306658, 0),
	(10, 1, 'y', 'password_changed_notification', 'Password changed', 'email', 'members', 'Your password was just changed.\n\nIf you didn\'t make this change yourself, please contact an administrator right away.\n\n{site_name}\n{site_url}', NULL, 1646306658, 0),
	(11, 1, 'y', 'forgot_username_instructions', 'Username information', 'email', 'members', 'Your username is: {username}\n\nIf you didn\'t request your username yourself, please contact an administrator right away.\n\n{site_name}\n{site_url}', NULL, 1646306658, 0),
	(12, 1, 'y', 'email_changed_notification', 'Email address changed', 'email', 'members', 'Your email address has been changed, and this email address is no longer associated with your account.\n\nIf you didn\'t make this change yourself, please contact an administrator right away.\n\n{site_name}\n{site_url}', NULL, 1646306658, 0),
	(13, 1, 'y', 'validated_member_notify', 'Your membership account has been activated', 'email', 'members', 'Your membership account has been activated and is ready for use.\n\nThank You!\n\n{site_name}\n{site_url}', NULL, 1646306658, 0),
	(14, 1, 'y', 'decline_member_validation', 'Your membership account has been declined', 'email', 'members', 'We\'re sorry but our staff has decided not to validate your membership.\n\n{site_name}\n{site_url}', NULL, 1646306658, 0),
	(15, 1, 'y', 'comment_notification', 'Someone just responded to your comment', 'email', 'comments', '{name_of_commenter} just responded to the entry you subscribed to at:\n{channel_name}\n\nThe title of the entry is:\n{entry_title}\n\nYou can see the comment at the following URL:\n{comment_url}\n\n{comment}\n\nTo stop receiving notifications for this comment, click here:\n{notification_removal_url}', NULL, 1646306658, 0),
	(16, 1, 'y', 'comments_opened_notification', 'New comments have been added', 'email', 'comments', 'Responses have been added to the entry you subscribed to at:\n{channel_name}\n\nThe title of the entry is:\n{entry_title}\n\nYou can see the comments at the following URL:\n{comment_url}\n\n{comments}\n{comment}\n{/comments}\n\nTo stop receiving notifications for this entry, click here:\n{notification_removal_url}', NULL, 1646306658, 0),
	(17, 1, 'y', 'private_message_notification', 'Someone has sent you a Private Message', 'email', 'private_messages', '\n{recipient_name},\n\n{sender_name} has just sent you a Private Message titled {message_subject}.\n\nYou can see the Private Message by logging in and viewing your inbox at:\n{site_url}\n\nContent:\n\n{message_content}\n\nTo stop receiving notifications of Private Messages, turn the option off in your Email Settings.\n\n{site_name}\n{site_url}', NULL, 1646306658, 0),
	(18, 1, 'y', 'pm_inbox_full', 'Your private message mailbox is full', 'email', 'private_messages', '{recipient_name},\n\n{sender_name} has just attempted to send you a Private Message,\nbut your inbox is full, exceeding the maximum of {pm_storage_limit}.\n\nPlease log in and remove unwanted messages from your inbox at:\n{site_url}', NULL, 1646306658, 0);

INSERT INTO `exp_stats` (`stat_id`, `site_id`, `total_members`, `recent_member_id`, `recent_member`, `total_entries`, `total_forum_topics`, `total_forum_posts`, `total_comments`, `last_entry_date`, `last_forum_post_date`, `last_comment_date`, `last_visitor_date`, `most_visitors`, `most_visitor_date`, `last_cache_clear`) VALUES 
	(1, 1, 1, 1, 'admin@bonesexample.com', 4, 0, 0, 0, 1646325900, 0, 0, 0, 0, 0, 1646916139);

INSERT INTO `exp_statuses` (`status_id`, `status`, `status_order`, `highlight`) VALUES 
	(1, 'open', 1, '009933'),
	(2, 'closed', 2, '990000');

INSERT INTO `exp_statuses_roles` (`role_id`, `status_id`) VALUES 
	(5, 1),
	(5, 2);

INSERT INTO `exp_template_groups` (`group_id`, `site_id`, `group_name`, `group_order`, `is_site_default`) VALUES 
	(1, 1, 'core', 1, 'y'),
	(2, 1, 'layouts', 2, 'n'),
	(3, 1, 'api', 3, 'n'),
	(4, 1, 'pro-dashboard-widgets', 4, 'n');

INSERT INTO `exp_templates` (`template_id`, `site_id`, `group_id`, `template_name`, `template_type`, `template_data`, `template_notes`, `edit_date`, `last_author_id`, `cache`, `refresh`, `no_auth_bounce`, `enable_http_auth`, `allow_php`, `php_parse_location`, `hits`, `protect_javascript`, `enable_frontedit`) VALUES 
	(1, 1, 1, 'index', 'webpage', '{layout=\"layouts/core\"}\n<section class=\"py-20 bg-gray-100\">\n    <div class=\"container mx-auto px-4\">\n        <div class=\"flex flex-wrap -mx-4 mb-20 items-center justify-between\">\n            <div class=\"w-full lg:w-auto px-4 mb-12 xl:mb-0\">\n                <h2 class=\"text-5xl font-bold font-heading\">\n                    <!-- Here is where we\'ll change our text -->\n                    <div>Showing <span id=\"product-heading-text\">All</span> results</div>\n                </h2>\n            </div>\n            <div class=\"w-full lg:w-auto px-4 flex flex-wrap items-center\">\n                <div class=\"w-full sm:w-auto mb-4 sm:mb-0 mr-5\">\n                    <select class=\"pl-8 py-4 bg-white text-lg border border-gray-200 focus:ring-blue-300 focus:border-blue-300 rounded-md\" name=\"\" id=\"\">\n                        <option value=\"1\">Sort by newest</option>\n                        <option value=\"2\">Sort by price</option>\n                        <option value=\"3\">Sort by most popular</option>\n                    </select>\n                </div>\n                <a class=\"inline-block mr-3 h-full p-4 bg-white rounded-md border\" href=\"#\">\n                    <svg width=\"20\" height=\"24\" viewbox=\"0 0 20 24\" fill=\"none\" xmlns=\"http://www.w3.org/2000/svg\"><rect width=\"4\" height=\"4\" rx=\"2\" fill=\"#2B51C6\"></rect><rect x=\"8\" width=\"4\" height=\"4\" rx=\"2\" fill=\"#2B51C6\"></rect><rect x=\"16\" width=\"4\" height=\"4\" rx=\"2\" fill=\"#2B51C6\"></rect><rect y=\"10\" width=\"4\" height=\"4\" rx=\"2\" fill=\"#2B51C6\"></rect><rect x=\"8\" y=\"10\" width=\"4\" height=\"4\" rx=\"2\" fill=\"#2B51C6\"></rect><rect x=\"16\" y=\"10\" width=\"4\" height=\"4\" rx=\"2\" fill=\"#2B51C6\"></rect><rect y=\"20\" width=\"4\" height=\"4\" rx=\"2\" fill=\"#2B51C6\"></rect><rect x=\"8\" y=\"20\" width=\"4\" height=\"4\" rx=\"2\" fill=\"#2B51C6\"></rect><rect x=\"16\" y=\"20\" width=\"4\" height=\"4\" rx=\"2\" fill=\"#2B51C6\"></rect></svg>\n                </a>\n                <a class=\"inline-block h-full p-4 hover:bg-white border rounded-md group\" href=\"#\">\n                    <svg class=\"text-gray-200 group-hover:text-blue-300\" width=\"28\" height=\"24\" viewbox=\"0 0 28 24\" fill=\"none\" xmlns=\"http://www.w3.org/2000/svg\"><rect width=\"4\" height=\"4\" rx=\"2\" fill=\"currentColor\"></rect><rect x=\"8\" width=\"4\" height=\"4\" rx=\"2\" fill=\"currentColor\"></rect><rect x=\"16\" width=\"4\" height=\"4\" rx=\"2\" fill=\"currentColor\"></rect><rect x=\"24\" width=\"4\" height=\"4\" rx=\"2\" fill=\"currentColor\"></rect><rect y=\"10\" width=\"4\" height=\"4\" rx=\"2\" fill=\"currentColor\"></rect><rect x=\"8\" y=\"10\" width=\"4\" height=\"4\" rx=\"2\" fill=\"currentColor\"></rect><rect x=\"16\" y=\"10\" width=\"4\" height=\"4\" rx=\"2\" fill=\"currentColor\"></rect><rect x=\"24\" y=\"10\" width=\"4\" height=\"4\" rx=\"2\" fill=\"currentColor\"></rect><rect y=\"20\" width=\"4\" height=\"4\" rx=\"2\" fill=\"currentColor\"></rect><rect x=\"8\" y=\"20\" width=\"4\" height=\"4\" rx=\"2\" fill=\"currentColor\"></rect><rect x=\"16\" y=\"20\" width=\"4\" height=\"4\" rx=\"2\" fill=\"currentColor\"></rect><rect x=\"24\" y=\"20\" width=\"4\" height=\"4\" rx=\"2\" fill=\"currentColor\"></rect></svg>\n                </a>\n            </div>\n        </div>\n        <div class=\"flex flex-wrap -mx-3 mb-24\">\n            <div class=\"w-full lg:hidden px-3\">\n                <div class=\"flex flex-wrap -mx-2\">\n                    <div class=\"w-1/2 md:w-1/3 px-2 mb-4\">\n                        <div class=\"py-6 px-2 text-center bg-gray-50\">\n                            <a class=\"font-bold font-heading\" href=\"#\">Category</a>\n                            <ul class=\"hidden text-left mt-6\">\n                                {exp:channel:categories category_group=\"1\"}\n                                    <li class=\"mb-4\">\n                                        <a class=\"bones-category-click\" href=\"#\" data-category-name=\"{category_name}\" data-category-id=\"{category_id}\">\n                                            <img src=\"{category_image}\" class=\"h-6 w-6\">\n                                            {category_name}\n                                        </a>\n                                    </li>\n                                {/exp:channel:categories}\n                            </ul>\n                        </div>\n                    </div>\n                    <div class=\"w-1/2 md:w-1/3 px-2 mb-4\">\n                        <div class=\"py-6 px-2 text-center bg-gray-50\">\n                            <a class=\"font-bold font-heading\" href=\"#\">Colors</a>\n                            <div class=\"hidden mt-6 flex flex-wrap\">\n                                <button class=\"mr-4 mb-2 rounded-full border border-blue-300 p-1\">\n                                    <div class=\"rounded-full bg-blue-300 w-5 h-5\"></div>\n                                </button>\n                                <button class=\"mr-4 mb-2 rounded-full border border-transparent hover:border-gray-300 p-1\">\n                                    <div class=\"rounded-full bg-orange-300 w-5 h-5\"></div>\n                                </button>\n                                <button class=\"mr-4 mb-2 rounded-full border border-transparent hover:border-gray-300 p-1\">\n                                    <div class=\"rounded-full bg-gray-900 w-5 h-5\"></div>\n                                </button>\n                                <button class=\"mr-4 mb-2 rounded-full border border-transparent hover:border-gray-300 p-1\">\n                                    <div class=\"rounded-full bg-red-300 w-5 h-5\"></div>\n                                </button>\n                                <button class=\"mr-4 mb-2 rounded-full border border-transparent hover:border-gray-300 p-1\">\n                                    <div class=\"rounded-full bg-green-300 w-5 h-5\"></div>\n                                </button>\n                                <button class=\"mr-4 mb-2 rounded-full border border-transparent hover:border-gray-300 p-1\">\n                                    <div class=\"rounded-full bg-pink-300 w-5 h-5\"></div>\n                                </button>\n                                <button class=\"mr-4 mb-2 rounded-full border border-transparent hover:border-gray-300 p-1\">\n                                    <div class=\"rounded-full bg-yellow-300 w-5 h-5\"></div>\n                                </button>\n                                <button class=\"mr-4 mb-2 rounded-full border border-transparent hover:border-gray-300 p-1\">\n                                    <div class=\"rounded-full bg-gray-100 w-5 h-5\"></div>\n                                </button>\n                            </div>\n                        </div>\n                    </div>\n                    <div class=\"w-1/2 md:w-1/3 px-2 mb-4\">\n                        <div class=\"py-6 px-4 text-center bg-gray-50\">\n                            <a class=\"font-bold font-heading\" href=\"#\">Price</a>\n                            <div class=\"hidden mt-6\">\n                                <input class=\"w-full mb-4 outline-none appearance-none bg-gray-100 h-1 rounded cursor-pointer\" type=\"range\" min=\"1\" max=\"100\" value=\"50\">\n                                <div class=\"flex justify-between\">\n                                    <span class=\"inline-block text-lg font-bold font-heading text-blue-300\">$0</span>\n                                    <span class=\"inline-block text-lg font-bold font-heading text-blue-300\">$289</span>\n                                </div>\n                            </div>\n                        </div>\n                    </div>\n                    <div class=\"w-1/2 md:w-1/3 px-2 mb-4\">\n                        <div class=\"py-6 px-4 text-center bg-gray-50\">\n                            <a class=\"font-bold font-heading\" href=\"#\">Size</a>\n                            <div class=\"hidden mt-6 flex flex-wrap -mx-2 -mb-2\">\n                                <button class=\"mb-2 mr-1 w-16 py-1 border hover:border-gray-400 rounded-md\">36</button>\n                                <button class=\"relative mb-2 mr-1 w-16 border rounded-md\">\n                                    37\n                                    <span class=\"absolute bottom-0 left-0 w-full py-px bg-blue-300\"></span>\n                                </button>\n                                <button class=\"mb-2 mr-1 w-16 py-1 border hover:border-gray-400 rounded-md\">38</button>\n                                <button class=\"mb-2 mr-1 w-16 py-1 border hover:border-gray-400 rounded-md\">39</button>\n                                <button class=\"mb-2 mr-1 w-16 py-1 border hover:border-gray-400 rounded-md\">40</button>\n                                <button class=\"mb-2 mr-1 w-16 py-1 border hover:border-gray-400 rounded-md\">41</button>\n                                <button class=\"mb-2 mr-1 w-16 py-1 border hover:border-gray-400 rounded-md\">42</button>\n                                <button class=\"mb-2 mr-1 w-16 py-1 border hover:border-gray-400 rounded-md\">43</button>\n                                <button class=\"mb-2 mr-1 w-16 py-1 border hover:border-gray-400 rounded-md\">44</button>\n                            </div>\n                            <div class=\"hidden mt-4 text-right\">\n                                <a class=\"inline-flex underline text-blue-300 hover:text-blue-400\" href=\"#\">\n                                    <span class=\"mr-2\">Show all</span>\n                                    <svg width=\"14\" height=\"27\" viewbox=\"0 0 14 27\" fill=\"none\" xmlns=\"http://www.w3.org/2000/svg\">\n                                        <path d=\"M6.83901 26.2775L0.151884 19.5904L0.987775 18.7545L6.66766 24.4343L6.66347 0.782814L7.84208 0.782814L7.84626 24.4343L13.1082 19.1724L13.9441 20.0083L7.6749 26.2775C7.44407 26.5083 7.06985 26.5083 6.83901 26.2775Z\" fill=\"#3C60D9\"></path>\n                                    </svg>\n                                </a>\n                            </div>\n                        </div>\n                    </div>\n                    <div class=\"w-1/2 md:w-1/3 px-2 mb-4\">\n                        <div class=\"py-6 px-4 text-center bg-gray-50\">\n                            <a class=\"font-bold font-heading\" href=\"#\">Location</a>\n                            <div class=\"hidden mt-6\">\n                                <label class=\"flex mb-3 items-center text-lg\">\n                                    <input type=\"checkbox\">\n                                    <span class=\"ml-2\">Standard</span>\n                                </label>\n                                <label class=\"flex items-center text-lg\">\n                                    <input type=\"checkbox\">\n                                    <span class=\"ml-2\">Next day (yes!)</span>\n                                </label>\n                            </div>\n                        </div>\n                    </div>\n                    <div class=\"w-1/2 md:w-1/3 px-2 mb-4\">\n                        <div class=\"py-6 px-4 text-center bg-gray-50\">\n                            <a class=\"font-bold font-heading\" href=\"#\">Location</a>\n                            <input class=\"hidden mt-6 w-full px-8 py-4 bg-white border rounded-md\" type=\"serach\" placeholder=\"City\">\n                        </div>\n                    </div>\n                </div>\n            </div>\n            <div class=\"hidden lg:block w-1/4 px-3\">\n                <div class=\"mb-6 py-10 px-12 bg-gray-50\">\n                    <h3 class=\"mb-8 text-2xl font-bold font-heading\">Category</h3>\n                    <ul>\n                        {exp:channel:categories category_group=\"1\"}\n                            <li class=\"mb-4\">\n                                <a class=\"flex flex-row bones-category-click\" href=\"#\" data-category-name=\"{category_name}\" data-category-id=\"{category_id}\">\n                                    <img src=\"{category_image}\" class=\"h-6 w-6 mr-4\">\n                                    <p>\n                                        {category_name}\n                                    </p>\n                                </a>\n                            </li>\n                        {/exp:channel:categories}\n                    </ul>\n                </div>\n                <div class=\"mb-6 py-10 px-12 bg-gray-50\">\n                    <h3 class=\"mb-8 text-2xl font-bold font-heading\">Colors</h3>\n                    <div class=\"flex flex-row flex-wrap\">\n                        {exp:channel:categories category_group=\"2\" style=\"linear\"}\n                            <button class=\"mr-4 mb-2 rounded-full border border-blue-300 p-1 bones-color-click\" data-color-name=\"{category_name}\" data-color-id=\"{category_id}\">\n                                <div class=\"rounded-full {color_code} w-5 h-5\"></div>\n                            </button>\n                        {/exp:channel:categories}\n                    </div>\n                </div>\n                <div class=\"mb-6 py-10 px-12 bg-gray-50\">\n                    <h3 class=\"mb-8 text-2xl font-bold font-heading\">Price</h3>\n                    <div>\n                        <input class=\"w-full mb-4 outline-none appearance-none bg-gray-100 h-1 rounded cursor-pointer\" type=\"range\" min=\"1\" max=\"100\" value=\"50\">\n                        <div class=\"flex justify-between\">\n                            <span class=\"inline-block text-lg font-bold font-heading text-blue-300\">$0</span>\n                            <span class=\"inline-block text-lg font-bold font-heading text-blue-300\">$1000+</span>\n                        </div>\n                    </div>\n                </div>\n                <div class=\"mb-6 py-12 pl-12 pr-6 bg-gray-50\">\n                    <h3 class=\"mb-8 text-2xl font-bold font-heading\">Size</h3>\n                    <div class=\"flex flex-wrap -mx-2 -mb-2\">\n                        {exp:channel:categories category_group=\"4\" style=\"linear\"}\n                            <button class=\"mb-2 mr-1 w-16 py-1 border hover:border-gray-400 rounded-md bones-size-click\" data-size-name=\"{category_name}\" data-size-id=\"{catgegory_id}\">{category_name}</button>\n                        {/exp:channel:categories}\n                    </div>\n                </div>\n                <div class=\"mb-6 py-10 px-12 bg-gray-50\">\n                    <h3 class=\"mb-6 text-2xl font-bold font-heading\">Shipping</h3>\n                    {exp:channel:categories category_group=\"3\" style=\"linear\"}\n                        <label class=\"flex mb-3 items-center text-lg bones-shipping-click\" data-shipping-name=\"{category_name}\" data-shipping-id=\"{catgegory_id}\">\n                            <input type=\"checkbox\">\n                            <span class=\"ml-2\">{category_name}</span>\n                        </label>\n                    {/exp:channel:categories}\n                </div>\n            </div>\n            <div class=\"w-full lg:w-3/4 px-3\">\n                <div class=\"flex flex-wrap -mx-3\" id=\"product-cards\">\n                    <img src=\"https://cdn.dribbble.com/users/20130/screenshots/2933302/media/2f5c373fc385ed7214241c461e2ad267.gif\" />\n                </div>\n            </div>\n        </div>\n    </div>\n</section>', NULL, 1646326067, 0, 'n', 0, '', 'n', 'n', 'o', 0, 'n', 'y'),
	(2, 1, 2, 'core', 'webpage', '<!DOCTYPE html>\n<html lang=\"en\">\n    <head>\n        <title>The Bones Store</title>\n        <meta charset=\"utf-8\">\n        <meta name=\"viewport\" content=\"width=device-width, initial-scale=1, shrink-to-fit=no\">\n        <meta name=\"description\" content=\"\">\n        <meta name=\"author\" content=\"\">\n        <link rel=\"stylesheet\" href=\"https://fonts.googleapis.com/css2?family=DM+Sans:wght@400;500;700&display=swap\">\n        <link rel=\"stylesheet\" href=\"/css/tailwind/tailwind.min.css\">\n        <!-- Good ole jQuery -->\n        <script src=\"https://code.jquery.com/jquery-3.6.0.min.js\" integrity=\"sha256-/xUj+3OJU5yExlq6GSYGSHk7tPXikynS7ogEvDej/m4=\" crossorigin=\"anonymous\"></script>\n        {favicon}\n    </head>\n    <body class=\"antialiased bg-body text-body font-body\">\n        <div>\n            {header}\n            {layout:contents}\n        </div>\n        {scripts}\n    </body>\n</html>', NULL, 1646316091, 1, 'n', 0, '', 'n', 'n', 'o', 0, 'n', 'y'),
	(3, 1, 2, 'index', 'webpage', '', NULL, 1646311340, 1, 'n', 0, '', 'n', 'n', 'o', 0, 'n', 'y'),
	(4, 1, 3, 'index', 'webpage', '{exp:bones:entries}', NULL, 1646311340, 1, 'n', 0, '', 'n', 'n', 'o', 0, 'n', 'y'),
	(5, 1, 4, 'sample-widget', 'webpage', '{widget title=\"Demo dashboard widget\" width=\"half\"}\n\n<p>Random entry: {exp:channel:entries dynamic=\"no\" orderby=\"random\" limit=\"1\"}<a href=\"{cp_url}?/cp/publish/edit/entry/{entry_id}&S={cp_session_id}\">{title}</a>{/exp:channel:entries}</p>\n\n<p>To see this code please visit the template <a href=\"{cp_url}?/cp/design/template/edit/5&S={cp_session_id}\">pro-dashboard-widgets/sample-widget</a>.</p>\n', NULL, 1646319789, 0, 'n', 0, '', 'n', 'n', 'o', 0, 'n', 'y');

INSERT INTO `exp_templates_roles` (`role_id`, `template_id`) VALUES 
	(1, 1),
	(2, 1),
	(3, 1),
	(4, 1),
	(5, 1),
	(1, 2),
	(2, 2),
	(3, 2),
	(4, 2),
	(5, 2),
	(1, 3),
	(2, 3),
	(3, 3),
	(4, 3),
	(5, 3),
	(1, 4),
	(2, 4),
	(3, 4),
	(4, 4),
	(5, 4),
	(1, 5),
	(2, 5),
	(3, 5),
	(4, 5),
	(5, 5);

INSERT INTO `exp_update_log` (`log_id`, `timestamp`, `message`, `method`, `line`, `file`) VALUES 
	(1, 1646306658, 'Smartforge::add_key failed. Table \'exp_comments\' does not exist.', 'Smartforge::add_key', 106, '/home/doug/sites/bones-decoupled-example/system/ee/ExpressionEngine/Addons/comment/upd.comment.php'),
	(2, 1646319789, 'Smartforge::add_key failed. Table \'exp_dock_prolets\' does not exist.', 'Smartforge::add_key', 202, '/home/doug/sites/bones-decoupled-example/system/ee/ExpressionEngine/Addons/pro/upd.pro.php');

INSERT INTO `exp_upload_prefs` (`id`, `site_id`, `name`, `server_path`, `url`, `allowed_types`, `default_modal_view`, `max_size`, `max_height`, `max_width`, `properties`, `pre_format`, `post_format`, `file_properties`, `file_pre_format`, `file_post_format`, `cat_group`, `batch_location`, `module_id`) VALUES 
	(1, 1, 'Avatars', '/', '{base_url}images/avatars/', 'img', 'list', '50', '100', '100', NULL, NULL, NULL, NULL, NULL, NULL, NULL, NULL, 1),
	(2, 1, 'Member Photos', '/', '{base_url}images/member_photos/', 'img', 'list', '50', '100', '100', NULL, NULL, NULL, NULL, NULL, NULL, NULL, NULL, 1),
	(3, 1, 'Signature Attachments', '/', '{base_url}images/signature_attachments/', 'img', 'list', '30', '80', '480', NULL, NULL, NULL, NULL, NULL, NULL, NULL, NULL, 1),
	(4, 1, 'PM Attachments', '/', '{base_url}images/pm_attachments/', 'img', 'list', '250', NULL, NULL, NULL, NULL, NULL, NULL, NULL, NULL, NULL, NULL, 1),
	(5, 1, 'Product Images', '{base_path}/public/product-images/', '{base_url}/product-images/', 'img', 'list', '', '', '', NULL, NULL, NULL, NULL, NULL, NULL, '', NULL, 0);

INSERT INTO `exp_upload_prefs_roles` (`role_id`, `upload_id`) VALUES 
	(5, 5);

SET SQL_MODE=@OLD_SQL_MODE;
SET TIME_ZONE=@OLD_TIME_ZONE;
SET UNIQUE_CHECKS=@OLD_UNIQUE_CHECKS;
SET FOREIGN_KEY_CHECKS=@OLD_FOREIGN_KEY_CHECKS;
SET SQL_NOTES=@OLD_SQL_NOTES;

--
-- Database backup completed by ExpressionEngine on 2022-03-03 11:52:16EST
--

